I20260817 14:10:49.321307     1 MetaDaemon.cpp:137] localhost = "metad0":9559
I20260817 14:10:49.333833     1 NebulaStore.cpp:48] Start the raft service...
I20260817 14:10:49.335738     1 NebulaSnapshotManager.cpp:25] Send snapshot is rate limited to 10485760 for each part by default
I20260817 14:10:49.409615     1 RaftexService.cpp:46] Start raft service on 9560
I20260817 14:10:49.412320     1 NebulaStore.cpp:82] Scan the local path, and init the spaces_
E20260817 14:10:49.413134     1 FileUtils.cpp:377] Failed to read the directory "/data/meta/nebula" (2): No such file or directory
I20260817 14:10:49.421406     1 NebulaStore.cpp:292] Init data from partManager for "metad0":9559
I20260817 14:10:49.422070     1 NebulaStore.cpp:417] Create data space 0
I20260817 14:10:49.539389    74 RocksEngine.cpp:107] open rocksdb on /data/meta/nebula/0/data
I20260817 14:10:49.559677     1 NebulaStore.cpp:480] Space 0, part 0 has been added, asLearner 0
I20260817 14:10:49.560170     1 NebulaStore.cpp:75] Register handler...
I20260817 14:10:49.560688     1 MetaDaemonInit.cpp:106] Waiting for the leader elected...
I20260817 14:10:49.561448     1 MetaDaemonInit.cpp:118] Leader has not been elected, sleep 1s
I20260817 14:10:50.562157     1 KVBasedClusterIdMan.h:118] There is no clusterId existed in kvstore!
I20260817 14:10:50.562705     1 MetaDaemonInit.cpp:126] I am leader, create cluster Id
I20260817 14:10:50.563086     1 KVBasedClusterIdMan.h:45] Create ClusterId 2557737320329270911
I20260817 14:10:50.563908    44 KVBasedClusterIdMan.h:151] Put key __meta_cluster_id_key__, val 2557737320329270911
I20260817 14:10:50.567608     1 RocksEngine.cpp:610] Target checkpoint data path : /data/meta/nebula/0/checkpoints/META_UPGRADE_SNAPSHOT_2026_08_17_14_10_50/data
I20260817 14:10:50.634213     1 MetaDaemonInit.cpp:169] Nebula store init succeeded, clusterId 2557737320329270911
I20260817 14:10:50.634594     1 MetaDaemon.cpp:150] Start http service
I20260817 14:10:50.635571     1 MetaDaemonInit.cpp:226] Starting Meta HTTP Service
I20260817 14:10:50.640136    97 WebService.cpp:124] Web service started on HTTP[19559]
I20260817 14:10:50.640666     1 MetaDaemonInit.cpp:192] Check root user
I20260817 14:10:50.641157     1 RootUserMan.h:40] God user is not exists
I20260817 14:10:50.641580     1 RootUserMan.h:58] Init root user
I20260817 14:10:50.645653     1 MetaDaemon.cpp:193] The meta daemon start on "metad0":9559
I20260817 14:10:50.646677     1 JobManager.cpp:64] JobManager initialized
I20260817 14:10:50.646703   103 JobManager.cpp:150] JobManager::scheduleThread enter
I20260817 14:11:22.268567   125 HBProcessor.cpp:33] Receive heartbeat from "storaged0":9779, role = STORAGE
I20260817 14:11:22.269198   125 HBProcessor.cpp:41] Machine "storaged0":9779 is not registered
I20260817 14:11:23.272078   125 HBProcessor.cpp:33] Receive heartbeat from "storaged0":9779, role = STORAGE
I20260817 14:11:23.272568   125 HBProcessor.cpp:41] Machine "storaged0":9779 is not registered
I20260817 14:11:24.275296   125 HBProcessor.cpp:33] Receive heartbeat from "storaged0":9779, role = STORAGE
I20260817 14:11:24.276003   125 HBProcessor.cpp:41] Machine "storaged0":9779 is not registered
I20260817 14:11:25.278535   125 HBProcessor.cpp:33] Receive heartbeat from "storaged0":9779, role = STORAGE
I20260817 14:11:25.279016   125 HBProcessor.cpp:41] Machine "storaged0":9779 is not registered
I20260817 14:11:35.286581   125 HBProcessor.cpp:33] Receive heartbeat from "storaged0":9779, role = STORAGE
I20260817 14:11:35.287002   125 HBProcessor.cpp:41] Machine "storaged0":9779 is not registered
I20260817 14:11:36.289629   125 HBProcessor.cpp:33] Receive heartbeat from "storaged0":9779, role = STORAGE
I20260817 14:11:36.290103   125 HBProcessor.cpp:41] Machine "storaged0":9779 is not registered
I20260817 14:11:37.292652   125 HBProcessor.cpp:33] Receive heartbeat from "storaged0":9779, role = STORAGE
I20260817 14:11:37.293183   125 HBProcessor.cpp:41] Machine "storaged0":9779 is not registered
I20260817 14:11:38.295799   125 HBProcessor.cpp:33] Receive heartbeat from "storaged0":9779, role = STORAGE
I20260817 14:11:38.296528   125 HBProcessor.cpp:41] Machine "storaged0":9779 is not registered
I20260817 14:11:48.301396   125 HBProcessor.cpp:33] Receive heartbeat from "storaged0":9779, role = STORAGE
I20260817 14:11:48.302131   125 HBProcessor.cpp:41] Machine "storaged0":9779 is not registered
I20260817 14:11:49.305384   125 HBProcessor.cpp:33] Receive heartbeat from "storaged0":9779, role = STORAGE
I20260817 14:11:49.305915   125 HBProcessor.cpp:41] Machine "storaged0":9779 is not registered
I20260817 14:11:50.308636   125 HBProcessor.cpp:33] Receive heartbeat from "storaged0":9779, role = STORAGE
I20260817 14:11:50.309291   125 HBProcessor.cpp:41] Machine "storaged0":9779 is not registered
I20260817 14:11:51.312060   125 HBProcessor.cpp:33] Receive heartbeat from "storaged0":9779, role = STORAGE
I20260817 14:11:51.312590   125 HBProcessor.cpp:41] Machine "storaged0":9779 is not registered
I20260817 14:11:52.763257   125 HBProcessor.cpp:33] Receive heartbeat from "graphd":9669, role = GRAPH
I20260817 14:11:52.763965   125 HBProcessor.cpp:89] Update host "graphd":9669 dir info, root path: /usr/local/nebula, data path size: 0
I20260817 14:11:52.815688   125 SessionManagerProcessor.cpp:155] resp session size: 0
I20260817 14:11:52.829061   125 SessionManagerProcessor.cpp:155] resp session size: 0
I20260817 14:12:01.317586   125 HBProcessor.cpp:33] Receive heartbeat from "storaged0":9779, role = STORAGE
I20260817 14:12:01.318116   125 HBProcessor.cpp:41] Machine "storaged0":9779 is not registered
I20260817 14:12:02.342638   125 HBProcessor.cpp:33] Receive heartbeat from "storaged0":9779, role = STORAGE
I20260817 14:12:02.343101   125 HBProcessor.cpp:41] Machine "storaged0":9779 is not registered
I20260817 14:12:03.345536   125 HBProcessor.cpp:33] Receive heartbeat from "storaged0":9779, role = STORAGE
I20260817 14:12:03.346071   125 HBProcessor.cpp:41] Machine "storaged0":9779 is not registered
I20260817 14:12:03.435861   125 HBProcessor.cpp:33] Receive heartbeat from "graphd":9669, role = GRAPH
I20260817 14:12:04.348752   125 HBProcessor.cpp:33] Receive heartbeat from "storaged0":9779, role = STORAGE
I20260817 14:12:04.349303   125 HBProcessor.cpp:41] Machine "storaged0":9779 is not registered
I20260817 14:12:13.448274   125 HBProcessor.cpp:33] Receive heartbeat from "graphd":9669, role = GRAPH
I20260817 14:12:14.353046   125 HBProcessor.cpp:33] Receive heartbeat from "storaged0":9779, role = STORAGE
I20260817 14:12:14.353593   125 HBProcessor.cpp:41] Machine "storaged0":9779 is not registered
I20260817 14:12:15.355783   125 HBProcessor.cpp:33] Receive heartbeat from "storaged0":9779, role = STORAGE
I20260817 14:12:15.356989   125 HBProcessor.cpp:41] Machine "storaged0":9779 is not registered
I20260817 14:12:16.359383   125 HBProcessor.cpp:33] Receive heartbeat from "storaged0":9779, role = STORAGE
I20260817 14:12:16.359990   125 HBProcessor.cpp:52] Set clusterId for new host "storaged0":9779!
I20260817 14:12:16.360539   125 HBProcessor.cpp:89] Update host "storaged0":9779 dir info, root path: /usr/local/nebula, data path size: 1
I20260817 14:12:16.375034   125 SessionManagerProcessor.cpp:155] resp session size: 0
I20260817 14:12:23.453751   125 HBProcessor.cpp:33] Receive heartbeat from "graphd":9669, role = GRAPH
I20260817 14:12:26.942881   125 HBProcessor.cpp:33] Receive heartbeat from "storaged0":9779, role = STORAGE
I20260817 14:12:33.465633   125 HBProcessor.cpp:33] Receive heartbeat from "graphd":9669, role = GRAPH
I20260817 14:12:36.949056   125 HBProcessor.cpp:33] Receive heartbeat from "storaged0":9779, role = STORAGE
I20260817 14:12:43.468885   125 HBProcessor.cpp:33] Receive heartbeat from "graphd":9669, role = GRAPH
I20260817 14:12:46.959321   125 HBProcessor.cpp:33] Receive heartbeat from "storaged0":9779, role = STORAGE
I20260817 14:12:53.480777   125 HBProcessor.cpp:33] Receive heartbeat from "graphd":9669, role = GRAPH
I20260817 14:12:56.971354   125 HBProcessor.cpp:33] Receive heartbeat from "storaged0":9779, role = STORAGE
I20260817 14:13:03.492789   125 HBProcessor.cpp:33] Receive heartbeat from "graphd":9669, role = GRAPH
I20260817 14:13:06.983412   125 HBProcessor.cpp:33] Receive heartbeat from "storaged0":9779, role = STORAGE
I20260817 14:13:13.497850   125 HBProcessor.cpp:33] Receive heartbeat from "graphd":9669, role = GRAPH
I20260817 14:13:16.993844   125 HBProcessor.cpp:33] Receive heartbeat from "storaged0":9779, role = STORAGE
I20260817 14:13:23.503978   125 HBProcessor.cpp:33] Receive heartbeat from "graphd":9669, role = GRAPH
I20260817 14:13:26.996292   125 HBProcessor.cpp:33] Receive heartbeat from "storaged0":9779, role = STORAGE
I20260817 14:13:33.508450   125 HBProcessor.cpp:33] Receive heartbeat from "graphd":9669, role = GRAPH
I20260817 14:13:37.006688   125 HBProcessor.cpp:33] Receive heartbeat from "storaged0":9779, role = STORAGE
I20260817 14:13:43.519479   125 HBProcessor.cpp:33] Receive heartbeat from "graphd":9669, role = GRAPH
I20260817 14:13:47.016878   125 HBProcessor.cpp:33] Receive heartbeat from "storaged0":9779, role = STORAGE
I20260817 14:13:53.523586   125 HBProcessor.cpp:33] Receive heartbeat from "graphd":9669, role = GRAPH
I20260817 14:13:57.029341   125 HBProcessor.cpp:33] Receive heartbeat from "storaged0":9779, role = STORAGE
I20260817 14:14:03.527590   125 HBProcessor.cpp:33] Receive heartbeat from "graphd":9669, role = GRAPH
I20260817 14:14:07.035676   125 HBProcessor.cpp:33] Receive heartbeat from "storaged0":9779, role = STORAGE
I20260817 14:14:13.538380   125 HBProcessor.cpp:33] Receive heartbeat from "graphd":9669, role = GRAPH
I20260817 14:14:17.039710   125 HBProcessor.cpp:33] Receive heartbeat from "storaged0":9779, role = STORAGE
I20260817 14:14:23.550567   125 HBProcessor.cpp:33] Receive heartbeat from "graphd":9669, role = GRAPH
I20260817 14:14:27.051790   125 HBProcessor.cpp:33] Receive heartbeat from "storaged0":9779, role = STORAGE
I20260817 14:14:33.563068   125 HBProcessor.cpp:33] Receive heartbeat from "graphd":9669, role = GRAPH
I20260817 14:14:37.063351   125 HBProcessor.cpp:33] Receive heartbeat from "storaged0":9779, role = STORAGE
I20260817 14:14:43.567507   125 HBProcessor.cpp:33] Receive heartbeat from "graphd":9669, role = GRAPH
I20260817 14:14:47.068715   125 HBProcessor.cpp:33] Receive heartbeat from "storaged0":9779, role = STORAGE
I20260817 14:14:53.579816   125 HBProcessor.cpp:33] Receive heartbeat from "graphd":9669, role = GRAPH
I20260817 14:14:57.074030   125 HBProcessor.cpp:33] Receive heartbeat from "storaged0":9779, role = STORAGE
I20260817 14:15:03.592269   125 HBProcessor.cpp:33] Receive heartbeat from "graphd":9669, role = GRAPH
I20260817 14:15:07.081880   125 HBProcessor.cpp:33] Receive heartbeat from "storaged0":9779, role = STORAGE
I20260817 14:15:13.603055   125 HBProcessor.cpp:33] Receive heartbeat from "graphd":9669, role = GRAPH
I20260817 14:15:17.092460   125 HBProcessor.cpp:33] Receive heartbeat from "storaged0":9779, role = STORAGE
I20260817 14:15:23.614903   125 HBProcessor.cpp:33] Receive heartbeat from "graphd":9669, role = GRAPH
I20260817 14:15:27.108340   125 HBProcessor.cpp:33] Receive heartbeat from "storaged0":9779, role = STORAGE
I20260817 14:15:33.624476   125 HBProcessor.cpp:33] Receive heartbeat from "graphd":9669, role = GRAPH
I20260817 14:15:37.128474   125 HBProcessor.cpp:33] Receive heartbeat from "storaged0":9779, role = STORAGE
I20260817 14:15:43.626668   125 HBProcessor.cpp:33] Receive heartbeat from "graphd":9669, role = GRAPH
I20260817 14:15:47.139838   125 HBProcessor.cpp:33] Receive heartbeat from "storaged0":9779, role = STORAGE
I20260817 14:15:53.633769   125 HBProcessor.cpp:33] Receive heartbeat from "graphd":9669, role = GRAPH
I20260817 14:15:57.146036   125 HBProcessor.cpp:33] Receive heartbeat from "storaged0":9779, role = STORAGE
I20260817 14:16:03.645697   125 HBProcessor.cpp:33] Receive heartbeat from "graphd":9669, role = GRAPH
I20260817 14:16:07.152185   125 HBProcessor.cpp:33] Receive heartbeat from "storaged0":9779, role = STORAGE
I20260817 14:16:13.648558   125 HBProcessor.cpp:33] Receive heartbeat from "graphd":9669, role = GRAPH
I20260817 14:16:17.162832   125 HBProcessor.cpp:33] Receive heartbeat from "storaged0":9779, role = STORAGE
I20260817 14:16:23.662585   125 HBProcessor.cpp:33] Receive heartbeat from "graphd":9669, role = GRAPH
I20260817 14:16:27.173483   125 HBProcessor.cpp:33] Receive heartbeat from "storaged0":9779, role = STORAGE
I20260817 14:16:33.673812   125 HBProcessor.cpp:33] Receive heartbeat from "graphd":9669, role = GRAPH
I20260817 14:16:37.185738   125 HBProcessor.cpp:33] Receive heartbeat from "storaged0":9779, role = STORAGE
I20260817 14:16:43.678943   125 HBProcessor.cpp:33] Receive heartbeat from "graphd":9669, role = GRAPH
I20260817 14:16:47.195994   125 HBProcessor.cpp:33] Receive heartbeat from "storaged0":9779, role = STORAGE
I20260817 14:16:53.690974   125 HBProcessor.cpp:33] Receive heartbeat from "graphd":9669, role = GRAPH
I20260817 14:16:57.202782   125 HBProcessor.cpp:33] Receive heartbeat from "storaged0":9779, role = STORAGE
I20260817 14:17:03.699971   125 HBProcessor.cpp:33] Receive heartbeat from "graphd":9669, role = GRAPH
I20260817 14:17:07.212294   125 HBProcessor.cpp:33] Receive heartbeat from "storaged0":9779, role = STORAGE
I20260817 14:17:13.710350   125 HBProcessor.cpp:33] Receive heartbeat from "graphd":9669, role = GRAPH
I20260817 14:17:17.222363   125 HBProcessor.cpp:33] Receive heartbeat from "storaged0":9779, role = STORAGE
I20260817 14:17:23.722288   125 HBProcessor.cpp:33] Receive heartbeat from "graphd":9669, role = GRAPH
I20260817 14:17:27.231492   125 HBProcessor.cpp:33] Receive heartbeat from "storaged0":9779, role = STORAGE
I20260817 14:17:33.730283   125 HBProcessor.cpp:33] Receive heartbeat from "graphd":9669, role = GRAPH
I20260817 14:17:37.243633   125 HBProcessor.cpp:33] Receive heartbeat from "storaged0":9779, role = STORAGE
I20260817 14:17:43.741024   125 HBProcessor.cpp:33] Receive heartbeat from "graphd":9669, role = GRAPH
I20260817 14:17:47.253328   125 HBProcessor.cpp:33] Receive heartbeat from "storaged0":9779, role = STORAGE
I20260817 14:17:53.749146   125 HBProcessor.cpp:33] Receive heartbeat from "graphd":9669, role = GRAPH
I20260817 14:17:57.265323   125 HBProcessor.cpp:33] Receive heartbeat from "storaged0":9779, role = STORAGE
I20260817 14:18:03.760809   125 HBProcessor.cpp:33] Receive heartbeat from "graphd":9669, role = GRAPH
I20260817 14:18:07.275947   125 HBProcessor.cpp:33] Receive heartbeat from "storaged0":9779, role = STORAGE
I20260817 14:18:13.766099   125 HBProcessor.cpp:33] Receive heartbeat from "graphd":9669, role = GRAPH
I20260817 14:18:17.280174   125 HBProcessor.cpp:33] Receive heartbeat from "storaged0":9779, role = STORAGE
I20260817 14:18:23.774996   125 HBProcessor.cpp:33] Receive heartbeat from "graphd":9669, role = GRAPH
I20260817 14:18:27.292397   125 HBProcessor.cpp:33] Receive heartbeat from "storaged0":9779, role = STORAGE
I20260817 14:18:33.785844   125 HBProcessor.cpp:33] Receive heartbeat from "graphd":9669, role = GRAPH
I20260817 14:18:37.304302   125 HBProcessor.cpp:33] Receive heartbeat from "storaged0":9779, role = STORAGE
I20260817 14:18:43.796401   125 HBProcessor.cpp:33] Receive heartbeat from "graphd":9669, role = GRAPH
I20260817 14:18:47.307562   125 HBProcessor.cpp:33] Receive heartbeat from "storaged0":9779, role = STORAGE
I20260817 14:18:53.809684   125 HBProcessor.cpp:33] Receive heartbeat from "graphd":9669, role = GRAPH
I20260817 14:18:57.318518   125 HBProcessor.cpp:33] Receive heartbeat from "storaged0":9779, role = STORAGE
I20260817 14:19:03.815887   125 HBProcessor.cpp:33] Receive heartbeat from "graphd":9669, role = GRAPH
I20260817 14:19:07.322979   125 HBProcessor.cpp:33] Receive heartbeat from "storaged0":9779, role = STORAGE
I20260817 14:19:13.825047   125 HBProcessor.cpp:33] Receive heartbeat from "graphd":9669, role = GRAPH
I20260817 14:19:17.329895   125 HBProcessor.cpp:33] Receive heartbeat from "storaged0":9779, role = STORAGE
I20260817 14:19:23.837109   125 HBProcessor.cpp:33] Receive heartbeat from "graphd":9669, role = GRAPH
I20260817 14:19:27.341148   125 HBProcessor.cpp:33] Receive heartbeat from "storaged0":9779, role = STORAGE
I20260817 14:19:33.849030   125 HBProcessor.cpp:33] Receive heartbeat from "graphd":9669, role = GRAPH
I20260817 14:19:37.353332   125 HBProcessor.cpp:33] Receive heartbeat from "storaged0":9779, role = STORAGE
I20260817 14:19:43.856835   125 HBProcessor.cpp:33] Receive heartbeat from "graphd":9669, role = GRAPH
I20260817 14:19:47.363305   125 HBProcessor.cpp:33] Receive heartbeat from "storaged0":9779, role = STORAGE
I20260817 14:19:53.867313   125 HBProcessor.cpp:33] Receive heartbeat from "graphd":9669, role = GRAPH
I20260817 14:19:57.371197   125 HBProcessor.cpp:33] Receive heartbeat from "storaged0":9779, role = STORAGE
I20260817 14:20:03.871443   125 HBProcessor.cpp:33] Receive heartbeat from "graphd":9669, role = GRAPH
I20260817 14:20:07.383287   125 HBProcessor.cpp:33] Receive heartbeat from "storaged0":9779, role = STORAGE
I20260817 14:20:13.880940   125 HBProcessor.cpp:33] Receive heartbeat from "graphd":9669, role = GRAPH
I20260817 14:20:17.390038   125 HBProcessor.cpp:33] Receive heartbeat from "storaged0":9779, role = STORAGE
I20260817 14:20:23.893685   125 HBProcessor.cpp:33] Receive heartbeat from "graphd":9669, role = GRAPH
I20260817 14:20:27.397985   125 HBProcessor.cpp:33] Receive heartbeat from "storaged0":9779, role = STORAGE
I20260817 14:20:33.897709   125 HBProcessor.cpp:33] Receive heartbeat from "graphd":9669, role = GRAPH
I20260817 14:20:37.406068   125 HBProcessor.cpp:33] Receive heartbeat from "storaged0":9779, role = STORAGE
I20260817 14:20:43.908533   125 HBProcessor.cpp:33] Receive heartbeat from "graphd":9669, role = GRAPH
I20260817 14:20:47.416687   125 HBProcessor.cpp:33] Receive heartbeat from "storaged0":9779, role = STORAGE
I20260817 14:20:53.920495   125 HBProcessor.cpp:33] Receive heartbeat from "graphd":9669, role = GRAPH
I20260817 14:20:57.424733   125 HBProcessor.cpp:33] Receive heartbeat from "storaged0":9779, role = STORAGE
I20260817 14:21:03.932607   125 HBProcessor.cpp:33] Receive heartbeat from "graphd":9669, role = GRAPH
I20260817 14:21:07.436704   125 HBProcessor.cpp:33] Receive heartbeat from "storaged0":9779, role = STORAGE
I20260817 14:21:13.933712   125 HBProcessor.cpp:33] Receive heartbeat from "graphd":9669, role = GRAPH
I20260817 14:21:17.447566   125 HBProcessor.cpp:33] Receive heartbeat from "storaged0":9779, role = STORAGE
I20260817 14:21:23.945984   125 HBProcessor.cpp:33] Receive heartbeat from "graphd":9669, role = GRAPH
I20260817 14:21:27.449993   125 HBProcessor.cpp:33] Receive heartbeat from "storaged0":9779, role = STORAGE
I20260817 14:21:33.953174   125 HBProcessor.cpp:33] Receive heartbeat from "graphd":9669, role = GRAPH
I20260817 14:21:37.462765   125 HBProcessor.cpp:33] Receive heartbeat from "storaged0":9779, role = STORAGE
I20260817 14:21:43.964996   125 HBProcessor.cpp:33] Receive heartbeat from "graphd":9669, role = GRAPH
I20260817 14:21:47.471567   125 HBProcessor.cpp:33] Receive heartbeat from "storaged0":9779, role = STORAGE
I20260817 14:21:53.974924   125 HBProcessor.cpp:33] Receive heartbeat from "graphd":9669, role = GRAPH
I20260817 14:21:57.481741   125 HBProcessor.cpp:33] Receive heartbeat from "storaged0":9779, role = STORAGE
I20260817 14:22:03.987143   125 HBProcessor.cpp:33] Receive heartbeat from "graphd":9669, role = GRAPH
I20260817 14:22:07.493887   125 HBProcessor.cpp:33] Receive heartbeat from "storaged0":9779, role = STORAGE
I20260817 14:22:13.998193   125 HBProcessor.cpp:33] Receive heartbeat from "graphd":9669, role = GRAPH
I20260817 14:22:17.502638   125 HBProcessor.cpp:33] Receive heartbeat from "storaged0":9779, role = STORAGE
I20260817 14:22:24.010145   125 HBProcessor.cpp:33] Receive heartbeat from "graphd":9669, role = GRAPH
I20260817 14:22:27.509341   125 HBProcessor.cpp:33] Receive heartbeat from "storaged0":9779, role = STORAGE
I20260817 14:22:34.015471   125 HBProcessor.cpp:33] Receive heartbeat from "graphd":9669, role = GRAPH
I20260817 14:22:37.521270   125 HBProcessor.cpp:33] Receive heartbeat from "storaged0":9779, role = STORAGE
I20260817 14:22:44.026000   125 HBProcessor.cpp:33] Receive heartbeat from "graphd":9669, role = GRAPH
I20260817 14:22:47.532203   125 HBProcessor.cpp:33] Receive heartbeat from "storaged0":9779, role = STORAGE
I20260817 14:22:54.039337   125 HBProcessor.cpp:33] Receive heartbeat from "graphd":9669, role = GRAPH
I20260817 14:22:57.539692   125 HBProcessor.cpp:33] Receive heartbeat from "storaged0":9779, role = STORAGE
I20260817 14:23:04.053519   125 HBProcessor.cpp:33] Receive heartbeat from "graphd":9669, role = GRAPH
I20260817 14:23:07.548655   125 HBProcessor.cpp:33] Receive heartbeat from "storaged0":9779, role = STORAGE
I20260817 14:23:14.055660   125 HBProcessor.cpp:33] Receive heartbeat from "graphd":9669, role = GRAPH
I20260817 14:23:17.558911   125 HBProcessor.cpp:33] Receive heartbeat from "storaged0":9779, role = STORAGE
I20260817 14:23:24.067691   125 HBProcessor.cpp:33] Receive heartbeat from "graphd":9669, role = GRAPH
I20260817 14:23:27.570752   125 HBProcessor.cpp:33] Receive heartbeat from "storaged0":9779, role = STORAGE
I20260817 14:23:34.081038   125 HBProcessor.cpp:33] Receive heartbeat from "graphd":9669, role = GRAPH
I20260817 14:23:37.582791   125 HBProcessor.cpp:33] Receive heartbeat from "storaged0":9779, role = STORAGE
I20260817 14:23:44.088148   125 HBProcessor.cpp:33] Receive heartbeat from "graphd":9669, role = GRAPH
I20260817 14:23:47.593075   125 HBProcessor.cpp:33] Receive heartbeat from "storaged0":9779, role = STORAGE
I20260817 14:23:54.100102   125 HBProcessor.cpp:33] Receive heartbeat from "graphd":9669, role = GRAPH
I20260817 14:23:57.604209   125 HBProcessor.cpp:33] Receive heartbeat from "storaged0":9779, role = STORAGE
I20260817 14:24:04.105904   125 HBProcessor.cpp:33] Receive heartbeat from "graphd":9669, role = GRAPH
I20260817 14:24:07.616290   125 HBProcessor.cpp:33] Receive heartbeat from "storaged0":9779, role = STORAGE
I20260817 14:24:14.116642   125 HBProcessor.cpp:33] Receive heartbeat from "graphd":9669, role = GRAPH
I20260817 14:24:17.627058   125 HBProcessor.cpp:33] Receive heartbeat from "storaged0":9779, role = STORAGE
I20260817 14:24:24.128635   125 HBProcessor.cpp:33] Receive heartbeat from "graphd":9669, role = GRAPH
I20260817 14:24:27.639578   125 HBProcessor.cpp:33] Receive heartbeat from "storaged0":9779, role = STORAGE
I20260817 14:24:34.140790   125 HBProcessor.cpp:33] Receive heartbeat from "graphd":9669, role = GRAPH
I20260817 14:24:37.651430   125 HBProcessor.cpp:33] Receive heartbeat from "storaged0":9779, role = STORAGE
I20260817 14:24:44.149506   125 HBProcessor.cpp:33] Receive heartbeat from "graphd":9669, role = GRAPH
I20260817 14:24:47.656584   125 HBProcessor.cpp:33] Receive heartbeat from "storaged0":9779, role = STORAGE
I20260817 14:24:54.161588   125 HBProcessor.cpp:33] Receive heartbeat from "graphd":9669, role = GRAPH
I20260817 14:24:57.665436   125 HBProcessor.cpp:33] Receive heartbeat from "storaged0":9779, role = STORAGE
I20260817 14:25:04.166194   125 HBProcessor.cpp:33] Receive heartbeat from "graphd":9669, role = GRAPH
I20260817 14:25:07.669054   125 HBProcessor.cpp:33] Receive heartbeat from "storaged0":9779, role = STORAGE
I20260817 14:25:14.169847   125 HBProcessor.cpp:33] Receive heartbeat from "graphd":9669, role = GRAPH
I20260817 14:25:17.675657   125 HBProcessor.cpp:33] Receive heartbeat from "storaged0":9779, role = STORAGE
I20260817 14:25:24.181921   125 HBProcessor.cpp:33] Receive heartbeat from "graphd":9669, role = GRAPH
I20260817 14:25:27.687494   125 HBProcessor.cpp:33] Receive heartbeat from "storaged0":9779, role = STORAGE
I20260817 14:25:34.187738   125 HBProcessor.cpp:33] Receive heartbeat from "graphd":9669, role = GRAPH
I20260817 14:25:37.695901   125 HBProcessor.cpp:33] Receive heartbeat from "storaged0":9779, role = STORAGE
I20260817 14:25:44.199671   125 HBProcessor.cpp:33] Receive heartbeat from "graphd":9669, role = GRAPH
I20260817 14:25:47.700201   125 HBProcessor.cpp:33] Receive heartbeat from "storaged0":9779, role = STORAGE
I20260817 14:25:54.208276   125 HBProcessor.cpp:33] Receive heartbeat from "graphd":9669, role = GRAPH
I20260817 14:25:57.708037   125 HBProcessor.cpp:33] Receive heartbeat from "storaged0":9779, role = STORAGE
I20260817 14:26:04.212679   125 HBProcessor.cpp:33] Receive heartbeat from "graphd":9669, role = GRAPH
I20260817 14:26:07.720269   125 HBProcessor.cpp:33] Receive heartbeat from "storaged0":9779, role = STORAGE
I20260817 14:26:14.223114   125 HBProcessor.cpp:33] Receive heartbeat from "graphd":9669, role = GRAPH
I20260817 14:26:17.730588   125 HBProcessor.cpp:33] Receive heartbeat from "storaged0":9779, role = STORAGE
I20260817 14:26:24.234834   125 HBProcessor.cpp:33] Receive heartbeat from "graphd":9669, role = GRAPH
I20260817 14:26:27.742918   125 HBProcessor.cpp:33] Receive heartbeat from "storaged0":9779, role = STORAGE
I20260817 14:26:34.247503   125 HBProcessor.cpp:33] Receive heartbeat from "graphd":9669, role = GRAPH
I20260817 14:26:37.755627   125 HBProcessor.cpp:33] Receive heartbeat from "storaged0":9779, role = STORAGE
I20260817 14:26:44.259261   125 HBProcessor.cpp:33] Receive heartbeat from "graphd":9669, role = GRAPH
I20260817 14:26:47.766778   125 HBProcessor.cpp:33] Receive heartbeat from "storaged0":9779, role = STORAGE
I20260817 14:26:54.271450   125 HBProcessor.cpp:33] Receive heartbeat from "graphd":9669, role = GRAPH
I20260817 14:26:57.773666   125 HBProcessor.cpp:33] Receive heartbeat from "storaged0":9779, role = STORAGE
I20260817 14:27:04.274062   125 HBProcessor.cpp:33] Receive heartbeat from "graphd":9669, role = GRAPH
I20260817 14:27:07.785506   125 HBProcessor.cpp:33] Receive heartbeat from "storaged0":9779, role = STORAGE
I20260817 14:27:14.286206   125 HBProcessor.cpp:33] Receive heartbeat from "graphd":9669, role = GRAPH
I20260817 14:27:17.796197   125 HBProcessor.cpp:33] Receive heartbeat from "storaged0":9779, role = STORAGE
I20260817 14:27:24.290087   125 HBProcessor.cpp:33] Receive heartbeat from "graphd":9669, role = GRAPH
I20260817 14:27:27.808212   125 HBProcessor.cpp:33] Receive heartbeat from "storaged0":9779, role = STORAGE
I20260817 14:27:34.303409   125 HBProcessor.cpp:33] Receive heartbeat from "graphd":9669, role = GRAPH
I20260817 14:27:37.820318   125 HBProcessor.cpp:33] Receive heartbeat from "storaged0":9779, role = STORAGE
I20260817 14:27:44.313542   125 HBProcessor.cpp:33] Receive heartbeat from "graphd":9669, role = GRAPH
I20260817 14:27:47.829030   125 HBProcessor.cpp:33] Receive heartbeat from "storaged0":9779, role = STORAGE
I20260817 14:27:54.317692   125 HBProcessor.cpp:33] Receive heartbeat from "graphd":9669, role = GRAPH
I20260817 14:27:57.837291   125 HBProcessor.cpp:33] Receive heartbeat from "storaged0":9779, role = STORAGE
I20260817 14:28:04.329437   125 HBProcessor.cpp:33] Receive heartbeat from "graphd":9669, role = GRAPH
I20260817 14:28:07.849452   125 HBProcessor.cpp:33] Receive heartbeat from "storaged0":9779, role = STORAGE
I20260817 14:28:14.339339   125 HBProcessor.cpp:33] Receive heartbeat from "graphd":9669, role = GRAPH
I20260817 14:28:17.859673   125 HBProcessor.cpp:33] Receive heartbeat from "storaged0":9779, role = STORAGE
I20260817 14:28:24.351148   125 HBProcessor.cpp:33] Receive heartbeat from "graphd":9669, role = GRAPH
I20260817 14:28:27.863198   125 HBProcessor.cpp:33] Receive heartbeat from "storaged0":9779, role = STORAGE
I20260817 14:28:34.363466   125 HBProcessor.cpp:33] Receive heartbeat from "graphd":9669, role = GRAPH
I20260817 14:28:37.875397   125 HBProcessor.cpp:33] Receive heartbeat from "storaged0":9779, role = STORAGE
I20260817 14:28:44.374686   125 HBProcessor.cpp:33] Receive heartbeat from "graphd":9669, role = GRAPH
I20260817 14:28:47.877651   125 HBProcessor.cpp:33] Receive heartbeat from "storaged0":9779, role = STORAGE
I20260817 14:28:54.387257   125 HBProcessor.cpp:33] Receive heartbeat from "graphd":9669, role = GRAPH
I20260817 14:28:57.886040   125 HBProcessor.cpp:33] Receive heartbeat from "storaged0":9779, role = STORAGE
I20260817 14:29:04.396193   125 HBProcessor.cpp:33] Receive heartbeat from "graphd":9669, role = GRAPH
I20260817 14:29:07.898034   125 HBProcessor.cpp:33] Receive heartbeat from "storaged0":9779, role = STORAGE
I20260817 14:29:14.407327   125 HBProcessor.cpp:33] Receive heartbeat from "graphd":9669, role = GRAPH
I20260817 14:29:17.898694   125 HBProcessor.cpp:33] Receive heartbeat from "storaged0":9779, role = STORAGE
I20260817 14:29:24.419032   125 HBProcessor.cpp:33] Receive heartbeat from "graphd":9669, role = GRAPH
I20260817 14:29:27.910692   125 HBProcessor.cpp:33] Receive heartbeat from "storaged0":9779, role = STORAGE
I20260817 14:29:34.431346   125 HBProcessor.cpp:33] Receive heartbeat from "graphd":9669, role = GRAPH
I20260817 14:29:37.923237   125 HBProcessor.cpp:33] Receive heartbeat from "storaged0":9779, role = STORAGE
I20260817 14:29:44.442935   125 HBProcessor.cpp:33] Receive heartbeat from "graphd":9669, role = GRAPH
I20260817 14:29:47.934713   125 HBProcessor.cpp:33] Receive heartbeat from "storaged0":9779, role = STORAGE
I20260817 14:29:54.455567   125 HBProcessor.cpp:33] Receive heartbeat from "graphd":9669, role = GRAPH
I20260817 14:29:57.942363   125 HBProcessor.cpp:33] Receive heartbeat from "storaged0":9779, role = STORAGE
I20260817 14:30:04.458194   125 HBProcessor.cpp:33] Receive heartbeat from "graphd":9669, role = GRAPH
I20260817 14:30:07.947693   125 HBProcessor.cpp:33] Receive heartbeat from "storaged0":9779, role = STORAGE
I20260817 14:30:14.468667   125 HBProcessor.cpp:33] Receive heartbeat from "graphd":9669, role = GRAPH
I20260817 14:30:17.952361   125 HBProcessor.cpp:33] Receive heartbeat from "storaged0":9779, role = STORAGE
I20260817 14:30:24.477650   125 HBProcessor.cpp:33] Receive heartbeat from "graphd":9669, role = GRAPH
I20260817 14:30:27.969106   125 HBProcessor.cpp:33] Receive heartbeat from "storaged0":9779, role = STORAGE
I20260817 14:30:34.490206   125 HBProcessor.cpp:33] Receive heartbeat from "graphd":9669, role = GRAPH
I20260817 14:30:37.975368   125 HBProcessor.cpp:33] Receive heartbeat from "storaged0":9779, role = STORAGE
I20260817 14:30:44.502234   125 HBProcessor.cpp:33] Receive heartbeat from "graphd":9669, role = GRAPH
I20260817 14:30:47.984817   125 HBProcessor.cpp:33] Receive heartbeat from "storaged0":9779, role = STORAGE
I20260817 14:30:54.511516   125 HBProcessor.cpp:33] Receive heartbeat from "graphd":9669, role = GRAPH
I20260817 14:30:57.992975   125 HBProcessor.cpp:33] Receive heartbeat from "storaged0":9779, role = STORAGE
I20260817 14:31:04.520013   125 HBProcessor.cpp:33] Receive heartbeat from "graphd":9669, role = GRAPH
I20260817 14:31:08.000696   125 HBProcessor.cpp:33] Receive heartbeat from "storaged0":9779, role = STORAGE
I20260817 14:31:14.531237   125 HBProcessor.cpp:33] Receive heartbeat from "graphd":9669, role = GRAPH
I20260817 14:31:18.010991   125 HBProcessor.cpp:33] Receive heartbeat from "storaged0":9779, role = STORAGE
I20260817 14:31:24.539687   125 HBProcessor.cpp:33] Receive heartbeat from "graphd":9669, role = GRAPH
I20260817 14:31:28.022931   125 HBProcessor.cpp:33] Receive heartbeat from "storaged0":9779, role = STORAGE
I20260817 14:31:34.551117   125 HBProcessor.cpp:33] Receive heartbeat from "graphd":9669, role = GRAPH
I20260817 14:31:38.035697   125 HBProcessor.cpp:33] Receive heartbeat from "storaged0":9779, role = STORAGE
I20260817 14:31:44.562497   125 HBProcessor.cpp:33] Receive heartbeat from "graphd":9669, role = GRAPH
I20260817 14:31:48.038273   125 HBProcessor.cpp:33] Receive heartbeat from "storaged0":9779, role = STORAGE
I20260817 14:31:54.576640   125 HBProcessor.cpp:33] Receive heartbeat from "graphd":9669, role = GRAPH
I20260817 14:31:58.049971   125 HBProcessor.cpp:33] Receive heartbeat from "storaged0":9779, role = STORAGE
I20260817 14:32:04.585964   125 HBProcessor.cpp:33] Receive heartbeat from "graphd":9669, role = GRAPH
I20260817 14:32:08.062433   125 HBProcessor.cpp:33] Receive heartbeat from "storaged0":9779, role = STORAGE
I20260817 14:32:14.596222   125 HBProcessor.cpp:33] Receive heartbeat from "graphd":9669, role = GRAPH
I20260817 14:32:18.073383   125 HBProcessor.cpp:33] Receive heartbeat from "storaged0":9779, role = STORAGE
I20260817 14:32:24.599439   125 HBProcessor.cpp:33] Receive heartbeat from "graphd":9669, role = GRAPH
I20260817 14:32:28.085983   125 HBProcessor.cpp:33] Receive heartbeat from "storaged0":9779, role = STORAGE
I20260817 14:32:34.611810   125 HBProcessor.cpp:33] Receive heartbeat from "graphd":9669, role = GRAPH
I20260817 14:32:38.095193   125 HBProcessor.cpp:33] Receive heartbeat from "storaged0":9779, role = STORAGE
I20260817 14:32:44.616214   125 HBProcessor.cpp:33] Receive heartbeat from "graphd":9669, role = GRAPH
I20260817 14:32:48.106360   125 HBProcessor.cpp:33] Receive heartbeat from "storaged0":9779, role = STORAGE
I20260817 14:32:54.628496   125 HBProcessor.cpp:33] Receive heartbeat from "graphd":9669, role = GRAPH
I20260817 14:32:58.115437   125 HBProcessor.cpp:33] Receive heartbeat from "storaged0":9779, role = STORAGE
I20260817 14:33:04.634965   125 HBProcessor.cpp:33] Receive heartbeat from "graphd":9669, role = GRAPH
I20260817 14:33:08.129608   125 HBProcessor.cpp:33] Receive heartbeat from "storaged0":9779, role = STORAGE
I20260817 14:33:14.645043   125 HBProcessor.cpp:33] Receive heartbeat from "graphd":9669, role = GRAPH
I20260817 14:33:17.441609     1 MetaDaemon.cpp:230] Signal 15(Terminated) received, stopping this server
I20260817 14:33:17.501253     1 JobManager.cpp:138] JobManager::shutDown() begin
I20260817 14:33:17.503492   103 JobManager.cpp:155] Detect shutdown called, exit
I20260817 14:33:17.504516   103 JobDescription.cpp:113] Loading job description failed, error: E_JOB_NOT_IN_SPACE
I20260817 14:33:17.505270   103 JobManager.cpp:175] Load an invalid job from space 0 jodId 0
I20260817 14:33:17.506095     1 JobManager.cpp:146] JobManager::shutDown() end
I20260817 14:33:17.506963     1 NebulaStore.cpp:343] Stop the raft service...
I20260817 14:33:17.508147     1 RaftexService.cpp:67] Stopping the raftex service on port 9560
I20260817 14:33:17.508760     1 RaftexService.cpp:77] All partitions have stopped
I20260817 14:33:17.509889     1 NebulaStore.cpp:346] Stop kv engine...
I20260817 14:33:17.511108     1 NebulaStore.cpp:343] Stop the raft service...
I20260817 14:33:17.511740     1 RaftexService.cpp:67] Stopping the raftex service on port 9560
I20260817 14:33:17.512382     1 RaftexService.cpp:77] All partitions have stopped
I20260817 14:33:17.513033     1 NebulaStore.cpp:346] Stop kv engine...
I20260817 14:33:17.513797     1 NebulaStore.cpp:36] Cut off the relationship with meta client
I20260817 14:33:17.515754     1 Part.h:59] [Port: 9560, Space: 0, Part: 0] ~Part()
I20260817 14:33:17.521934     1 RocksEngine.h:247] Release rocksdb on /data/meta/nebula/0
I20260817 14:33:17.540704     1 NebulaStore.cpp:44] ~NebulaStore()
I20260817 14:33:17.544878     1 MetaDaemon.cpp:215] The meta Daemon stopped
I20260817 14:33:17.552873     1 JobManager.cpp:138] JobManager::shutDown() begin
I20260817 14:33:17.553849     1 JobManager.cpp:141] JobManager not running, exit
I20260817 14:33:58.173110     1 MetaDaemon.cpp:137] localhost = "nebula-metad0":9559
I20260817 14:33:58.187186     1 NebulaStore.cpp:48] Start the raft service...
I20260817 14:33:58.189630     1 NebulaSnapshotManager.cpp:25] Send snapshot is rate limited to 10485760 for each part by default
I20260817 14:33:58.317448     1 RaftexService.cpp:46] Start raft service on 9560
I20260817 14:33:58.325506     1 NebulaStore.cpp:82] Scan the local path, and init the spaces_
I20260817 14:33:58.329293     1 NebulaStore.cpp:90] Scan path "/data/meta/nebula/0"
I20260817 14:33:58.330205     1 NebulaStore.cpp:292] Init data from partManager for "nebula-metad0":9559
I20260817 14:33:58.331660     1 NebulaStore.cpp:417] Create data space 0
I20260817 14:33:58.532322    74 RocksEngine.cpp:107] open rocksdb on /data/meta/nebula/0/data
I20260817 14:34:00.618816     1 NebulaStore.cpp:480] Space 0, part 0 has been added, asLearner 0
I20260817 14:34:00.619494     1 NebulaStore.cpp:75] Register handler...
I20260817 14:34:00.619982     1 MetaDaemonInit.cpp:106] Waiting for the leader elected...
I20260817 14:34:00.620462     1 MetaDaemonInit.cpp:118] Leader has not been elected, sleep 1s
I20260817 14:34:01.621183     1 MetaDaemonInit.cpp:153] Get meta version is 4
I20260817 14:34:01.622372     1 MetaDaemonInit.cpp:169] Nebula store init succeeded, clusterId 2557737320329270911
I20260817 14:34:01.623515     1 MetaDaemon.cpp:150] Start http service
I20260817 14:34:01.628894     1 MetaDaemonInit.cpp:226] Starting Meta HTTP Service
I20260817 14:34:01.635691    97 WebService.cpp:124] Web service started on HTTP[19559]
I20260817 14:34:01.636577     1 MetaDaemonInit.cpp:192] Check root user
I20260817 14:34:01.637190     1 RootUserMan.h:35] God user exists
I20260817 14:34:01.642499     1 MetaDaemon.cpp:193] The meta daemon start on "nebula-metad0":9559
I20260817 14:34:01.644412     1 JobManager.cpp:64] JobManager initialized
I20260817 14:34:01.644443   103 JobManager.cpp:150] JobManager::scheduleThread enter
I20260817 14:34:04.791042   125 HBProcessor.cpp:33] Receive heartbeat from "nebula-storaged0":9779, role = STORAGE
I20260817 14:34:04.791900   125 HBProcessor.cpp:41] Machine "nebula-storaged0":9779 is not registered
I20260817 14:34:05.795917   125 HBProcessor.cpp:33] Receive heartbeat from "nebula-storaged0":9779, role = STORAGE
I20260817 14:34:05.796578   125 HBProcessor.cpp:41] Machine "nebula-storaged0":9779 is not registered
I20260817 14:34:06.800040   125 HBProcessor.cpp:33] Receive heartbeat from "nebula-storaged0":9779, role = STORAGE
I20260817 14:34:06.800928   125 HBProcessor.cpp:41] Machine "nebula-storaged0":9779 is not registered
I20260817 14:34:07.619324   125 HBProcessor.cpp:33] Receive heartbeat from "nebula-graphd":9669, role = GRAPH
I20260817 14:34:07.620002   125 HBProcessor.cpp:89] Update host "nebula-graphd":9669 dir info, root path: /usr/local/nebula, data path size: 0
I20260817 14:34:07.699679   125 SessionManagerProcessor.cpp:155] resp session size: 0
I20260817 14:34:07.804227   125 HBProcessor.cpp:33] Receive heartbeat from "nebula-storaged0":9779, role = STORAGE
I20260817 14:34:07.823943   125 HBProcessor.cpp:41] Machine "nebula-storaged0":9779 is not registered
I20260817 14:34:07.974049   125 SessionManagerProcessor.cpp:155] resp session size: 0
I20260817 14:34:18.029208   125 HBProcessor.cpp:33] Receive heartbeat from "nebula-storaged0":9779, role = STORAGE
I20260817 14:34:18.029603   125 HBProcessor.cpp:52] Set clusterId for new host "nebula-storaged0":9779!
I20260817 14:34:18.030000   125 HBProcessor.cpp:89] Update host "nebula-storaged0":9779 dir info, root path: /usr/local/nebula, data path size: 1
I20260817 14:34:18.045662   125 SessionManagerProcessor.cpp:155] resp session size: 0
I20260817 14:34:18.655618   125 HBProcessor.cpp:33] Receive heartbeat from "nebula-graphd":9669, role = GRAPH
I20260817 14:34:28.202395   125 HBProcessor.cpp:33] Receive heartbeat from "nebula-storaged0":9779, role = STORAGE
I20260817 14:34:28.666406   125 HBProcessor.cpp:33] Receive heartbeat from "nebula-graphd":9669, role = GRAPH
I20260817 14:34:38.216385   125 HBProcessor.cpp:33] Receive heartbeat from "nebula-storaged0":9779, role = STORAGE
I20260817 14:34:38.675895   125 HBProcessor.cpp:33] Receive heartbeat from "nebula-graphd":9669, role = GRAPH
I20260817 14:34:48.227038   125 HBProcessor.cpp:33] Receive heartbeat from "nebula-storaged0":9779, role = STORAGE
I20260817 14:34:48.685460   125 HBProcessor.cpp:33] Receive heartbeat from "nebula-graphd":9669, role = GRAPH
I20260817 14:34:58.241024   125 HBProcessor.cpp:33] Receive heartbeat from "nebula-storaged0":9779, role = STORAGE
I20260817 14:34:58.694449   125 HBProcessor.cpp:33] Receive heartbeat from "nebula-graphd":9669, role = GRAPH
I20260817 14:35:08.254480   125 HBProcessor.cpp:33] Receive heartbeat from "nebula-storaged0":9779, role = STORAGE
I20260817 14:35:08.702575   125 HBProcessor.cpp:33] Receive heartbeat from "nebula-graphd":9669, role = GRAPH
I20260817 14:35:18.264927   125 HBProcessor.cpp:33] Receive heartbeat from "nebula-storaged0":9779, role = STORAGE
I20260817 14:35:18.711966   125 HBProcessor.cpp:33] Receive heartbeat from "nebula-graphd":9669, role = GRAPH
I20260817 14:35:28.276767   125 HBProcessor.cpp:33] Receive heartbeat from "nebula-storaged0":9779, role = STORAGE
I20260817 14:35:28.724054   125 HBProcessor.cpp:33] Receive heartbeat from "nebula-graphd":9669, role = GRAPH
I20260817 14:35:38.288954   125 HBProcessor.cpp:33] Receive heartbeat from "nebula-storaged0":9779, role = STORAGE
I20260817 14:35:38.736287   125 HBProcessor.cpp:33] Receive heartbeat from "nebula-graphd":9669, role = GRAPH
I20260817 14:35:48.299294   125 HBProcessor.cpp:33] Receive heartbeat from "nebula-storaged0":9779, role = STORAGE
I20260817 14:35:48.747215   125 HBProcessor.cpp:33] Receive heartbeat from "nebula-graphd":9669, role = GRAPH
I20260817 14:35:58.306962   125 HBProcessor.cpp:33] Receive heartbeat from "nebula-storaged0":9779, role = STORAGE
I20260817 14:35:58.762893   125 HBProcessor.cpp:33] Receive heartbeat from "nebula-graphd":9669, role = GRAPH
I20260817 14:36:08.319069   125 HBProcessor.cpp:33] Receive heartbeat from "nebula-storaged0":9779, role = STORAGE
I20260817 14:36:08.775193   125 HBProcessor.cpp:33] Receive heartbeat from "nebula-graphd":9669, role = GRAPH
I20260817 14:36:18.330595   125 HBProcessor.cpp:33] Receive heartbeat from "nebula-storaged0":9779, role = STORAGE
I20260817 14:36:18.785096   125 HBProcessor.cpp:33] Receive heartbeat from "nebula-graphd":9669, role = GRAPH
I20260817 14:36:28.342739   125 HBProcessor.cpp:33] Receive heartbeat from "nebula-storaged0":9779, role = STORAGE
I20260817 14:36:28.793097   125 HBProcessor.cpp:33] Receive heartbeat from "nebula-graphd":9669, role = GRAPH
I20260817 14:36:38.348104   125 HBProcessor.cpp:33] Receive heartbeat from "nebula-storaged0":9779, role = STORAGE
I20260817 14:36:38.805238   125 HBProcessor.cpp:33] Receive heartbeat from "nebula-graphd":9669, role = GRAPH
I20260817 14:36:48.358769   125 HBProcessor.cpp:33] Receive heartbeat from "nebula-storaged0":9779, role = STORAGE
I20260817 14:36:48.822628   125 HBProcessor.cpp:33] Receive heartbeat from "nebula-graphd":9669, role = GRAPH
I20260817 14:36:58.370746   125 HBProcessor.cpp:33] Receive heartbeat from "nebula-storaged0":9779, role = STORAGE
I20260817 14:36:58.831485   125 HBProcessor.cpp:33] Receive heartbeat from "nebula-graphd":9669, role = GRAPH
I20260817 14:37:08.382711   125 HBProcessor.cpp:33] Receive heartbeat from "nebula-storaged0":9779, role = STORAGE
I20260817 14:37:08.837591   125 HBProcessor.cpp:33] Receive heartbeat from "nebula-graphd":9669, role = GRAPH
I20260817 14:37:18.393572   125 HBProcessor.cpp:33] Receive heartbeat from "nebula-storaged0":9779, role = STORAGE
I20260817 14:37:18.848218   125 HBProcessor.cpp:33] Receive heartbeat from "nebula-graphd":9669, role = GRAPH
I20260817 14:37:28.406236   125 HBProcessor.cpp:33] Receive heartbeat from "nebula-storaged0":9779, role = STORAGE
I20260817 14:37:28.860304   125 HBProcessor.cpp:33] Receive heartbeat from "nebula-graphd":9669, role = GRAPH
I20260817 14:37:38.416390   125 HBProcessor.cpp:33] Receive heartbeat from "nebula-storaged0":9779, role = STORAGE
I20260817 14:37:38.872282   125 HBProcessor.cpp:33] Receive heartbeat from "nebula-graphd":9669, role = GRAPH
I20260817 14:37:48.426584   125 HBProcessor.cpp:33] Receive heartbeat from "nebula-storaged0":9779, role = STORAGE
I20260817 14:37:48.879643   125 HBProcessor.cpp:33] Receive heartbeat from "nebula-graphd":9669, role = GRAPH
I20260817 14:37:58.434059   125 HBProcessor.cpp:33] Receive heartbeat from "nebula-storaged0":9779, role = STORAGE
I20260817 14:37:58.892976   125 HBProcessor.cpp:33] Receive heartbeat from "nebula-graphd":9669, role = GRAPH
I20260817 14:38:08.438778   125 HBProcessor.cpp:33] Receive heartbeat from "nebula-storaged0":9779, role = STORAGE
I20260817 14:38:08.900707   125 HBProcessor.cpp:33] Receive heartbeat from "nebula-graphd":9669, role = GRAPH
I20260817 14:38:18.447690   125 HBProcessor.cpp:33] Receive heartbeat from "nebula-storaged0":9779, role = STORAGE
I20260817 14:38:18.902191   125 HBProcessor.cpp:33] Receive heartbeat from "nebula-graphd":9669, role = GRAPH
I20260817 14:38:28.459472   125 HBProcessor.cpp:33] Receive heartbeat from "nebula-storaged0":9779, role = STORAGE
I20260817 14:38:28.914314   125 HBProcessor.cpp:33] Receive heartbeat from "nebula-graphd":9669, role = GRAPH
I20260817 14:38:38.471946   125 HBProcessor.cpp:33] Receive heartbeat from "nebula-storaged0":9779, role = STORAGE
I20260817 14:38:38.929425   125 HBProcessor.cpp:33] Receive heartbeat from "nebula-graphd":9669, role = GRAPH
I20260817 14:38:48.483767   125 HBProcessor.cpp:33] Receive heartbeat from "nebula-storaged0":9779, role = STORAGE
I20260817 14:38:48.938516   125 HBProcessor.cpp:33] Receive heartbeat from "nebula-graphd":9669, role = GRAPH
I20260817 14:38:58.495726   125 HBProcessor.cpp:33] Receive heartbeat from "nebula-storaged0":9779, role = STORAGE
I20260817 14:38:58.952158   125 HBProcessor.cpp:33] Receive heartbeat from "nebula-graphd":9669, role = GRAPH
I20260817 14:39:08.507781   125 HBProcessor.cpp:33] Receive heartbeat from "nebula-storaged0":9779, role = STORAGE
I20260817 14:39:08.960186   125 HBProcessor.cpp:33] Receive heartbeat from "nebula-graphd":9669, role = GRAPH
I20260817 14:39:18.508939   125 HBProcessor.cpp:33] Receive heartbeat from "nebula-storaged0":9779, role = STORAGE
I20260817 14:39:18.973332   125 HBProcessor.cpp:33] Receive heartbeat from "nebula-graphd":9669, role = GRAPH
I20260817 14:39:28.520977   125 HBProcessor.cpp:33] Receive heartbeat from "nebula-storaged0":9779, role = STORAGE
I20260817 14:39:28.985556   125 HBProcessor.cpp:33] Receive heartbeat from "nebula-graphd":9669, role = GRAPH
I20260817 14:39:38.526441   125 HBProcessor.cpp:33] Receive heartbeat from "nebula-storaged0":9779, role = STORAGE
I20260817 14:39:38.990139   125 HBProcessor.cpp:33] Receive heartbeat from "nebula-graphd":9669, role = GRAPH
I20260817 14:39:48.529248   125 HBProcessor.cpp:33] Receive heartbeat from "nebula-storaged0":9779, role = STORAGE
I20260817 14:39:48.997257   125 HBProcessor.cpp:33] Receive heartbeat from "nebula-graphd":9669, role = GRAPH
I20260817 14:39:58.541399   125 HBProcessor.cpp:33] Receive heartbeat from "nebula-storaged0":9779, role = STORAGE
I20260817 14:39:59.009712   125 HBProcessor.cpp:33] Receive heartbeat from "nebula-graphd":9669, role = GRAPH
I20260817 14:40:08.545817   125 HBProcessor.cpp:33] Receive heartbeat from "nebula-storaged0":9779, role = STORAGE
I20260817 14:40:09.017982   125 HBProcessor.cpp:33] Receive heartbeat from "nebula-graphd":9669, role = GRAPH
I20260817 14:40:18.555506   125 HBProcessor.cpp:33] Receive heartbeat from "nebula-storaged0":9779, role = STORAGE
I20260817 14:40:19.020828   125 HBProcessor.cpp:33] Receive heartbeat from "nebula-graphd":9669, role = GRAPH
I20260817 14:40:28.560477   125 HBProcessor.cpp:33] Receive heartbeat from "nebula-storaged0":9779, role = STORAGE
I20260817 14:40:29.032744   125 HBProcessor.cpp:33] Receive heartbeat from "nebula-graphd":9669, role = GRAPH
I20260817 14:40:38.572530   125 HBProcessor.cpp:33] Receive heartbeat from "nebula-storaged0":9779, role = STORAGE
I20260817 14:40:39.045282   125 HBProcessor.cpp:33] Receive heartbeat from "nebula-graphd":9669, role = GRAPH
I20260817 14:40:48.580377   125 HBProcessor.cpp:33] Receive heartbeat from "nebula-storaged0":9779, role = STORAGE
I20260817 14:40:49.055796   125 HBProcessor.cpp:33] Receive heartbeat from "nebula-graphd":9669, role = GRAPH
I20260817 14:40:58.592438   125 HBProcessor.cpp:33] Receive heartbeat from "nebula-storaged0":9779, role = STORAGE
I20260817 14:40:59.068251   125 HBProcessor.cpp:33] Receive heartbeat from "nebula-graphd":9669, role = GRAPH
I20260817 14:41:08.596531   125 HBProcessor.cpp:33] Receive heartbeat from "nebula-storaged0":9779, role = STORAGE
I20260817 14:41:09.077637   125 HBProcessor.cpp:33] Receive heartbeat from "nebula-graphd":9669, role = GRAPH
I20260817 14:41:18.607402   125 HBProcessor.cpp:33] Receive heartbeat from "nebula-storaged0":9779, role = STORAGE
I20260817 14:41:19.087597   125 HBProcessor.cpp:33] Receive heartbeat from "nebula-graphd":9669, role = GRAPH
I20260817 14:41:28.619483   125 HBProcessor.cpp:33] Receive heartbeat from "nebula-storaged0":9779, role = STORAGE
I20260817 14:41:29.090911   125 HBProcessor.cpp:33] Receive heartbeat from "nebula-graphd":9669, role = GRAPH
I20260817 14:41:38.631217   125 HBProcessor.cpp:33] Receive heartbeat from "nebula-storaged0":9779, role = STORAGE
I20260817 14:41:39.102815   125 HBProcessor.cpp:33] Receive heartbeat from "nebula-graphd":9669, role = GRAPH
I20260817 14:41:48.634737   125 HBProcessor.cpp:33] Receive heartbeat from "nebula-storaged0":9779, role = STORAGE
I20260817 14:41:49.112752   125 HBProcessor.cpp:33] Receive heartbeat from "nebula-graphd":9669, role = GRAPH
I20260817 14:41:58.645678   125 HBProcessor.cpp:33] Receive heartbeat from "nebula-storaged0":9779, role = STORAGE
I20260817 14:41:59.124639   125 HBProcessor.cpp:33] Receive heartbeat from "nebula-graphd":9669, role = GRAPH
I20260817 14:42:08.651271   125 HBProcessor.cpp:33] Receive heartbeat from "nebula-storaged0":9779, role = STORAGE
I20260817 14:42:09.139094   125 HBProcessor.cpp:33] Receive heartbeat from "nebula-graphd":9669, role = GRAPH
I20260817 14:42:18.662201   125 HBProcessor.cpp:33] Receive heartbeat from "nebula-storaged0":9779, role = STORAGE
I20260817 14:42:19.142246   125 HBProcessor.cpp:33] Receive heartbeat from "nebula-graphd":9669, role = GRAPH
I20260817 14:42:28.674014   125 HBProcessor.cpp:33] Receive heartbeat from "nebula-storaged0":9779, role = STORAGE
I20260817 14:42:29.152148   125 HBProcessor.cpp:33] Receive heartbeat from "nebula-graphd":9669, role = GRAPH
I20260817 14:42:38.677879   125 HBProcessor.cpp:33] Receive heartbeat from "nebula-storaged0":9779, role = STORAGE
I20260817 14:42:39.164011   125 HBProcessor.cpp:33] Receive heartbeat from "nebula-graphd":9669, role = GRAPH
I20260817 14:42:48.688747   125 HBProcessor.cpp:33] Receive heartbeat from "nebula-storaged0":9779, role = STORAGE
I20260817 14:42:49.173287   125 HBProcessor.cpp:33] Receive heartbeat from "nebula-graphd":9669, role = GRAPH
I20260817 14:42:58.694186   125 HBProcessor.cpp:33] Receive heartbeat from "nebula-storaged0":9779, role = STORAGE
I20260817 14:42:59.177071   125 HBProcessor.cpp:33] Receive heartbeat from "nebula-graphd":9669, role = GRAPH
I20260817 14:43:08.703097   125 HBProcessor.cpp:33] Receive heartbeat from "nebula-storaged0":9779, role = STORAGE
I20260817 14:43:09.188905   125 HBProcessor.cpp:33] Receive heartbeat from "nebula-graphd":9669, role = GRAPH
I20260817 14:43:18.714149   125 HBProcessor.cpp:33] Receive heartbeat from "nebula-storaged0":9779, role = STORAGE
I20260817 14:43:19.199571   125 HBProcessor.cpp:33] Receive heartbeat from "nebula-graphd":9669, role = GRAPH
I20260817 14:43:28.725900   125 HBProcessor.cpp:33] Receive heartbeat from "nebula-storaged0":9779, role = STORAGE
I20260817 14:43:29.211326   125 HBProcessor.cpp:33] Receive heartbeat from "nebula-graphd":9669, role = GRAPH
I20260817 14:43:38.737675   125 HBProcessor.cpp:33] Receive heartbeat from "nebula-storaged0":9779, role = STORAGE
I20260817 14:43:39.223527   125 HBProcessor.cpp:33] Receive heartbeat from "nebula-graphd":9669, role = GRAPH
I20260817 14:43:48.742981   125 HBProcessor.cpp:33] Receive heartbeat from "nebula-storaged0":9779, role = STORAGE
I20260817 14:43:49.230820   125 HBProcessor.cpp:33] Receive heartbeat from "nebula-graphd":9669, role = GRAPH
I20260817 14:43:58.748953   125 HBProcessor.cpp:33] Receive heartbeat from "nebula-storaged0":9779, role = STORAGE
I20260817 14:43:59.242902   125 HBProcessor.cpp:33] Receive heartbeat from "nebula-graphd":9669, role = GRAPH
I20260817 14:44:08.755041   125 HBProcessor.cpp:33] Receive heartbeat from "nebula-storaged0":9779, role = STORAGE
I20260817 14:44:09.254982   125 HBProcessor.cpp:33] Receive heartbeat from "nebula-graphd":9669, role = GRAPH
I20260817 14:44:18.770009   125 HBProcessor.cpp:33] Receive heartbeat from "nebula-storaged0":9779, role = STORAGE
I20260817 14:44:19.264974   125 HBProcessor.cpp:33] Receive heartbeat from "nebula-graphd":9669, role = GRAPH
I20260817 14:44:28.781677   125 HBProcessor.cpp:33] Receive heartbeat from "nebula-storaged0":9779, role = STORAGE
I20260817 14:44:29.275179   125 HBProcessor.cpp:33] Receive heartbeat from "nebula-graphd":9669, role = GRAPH
I20260817 14:44:38.793787   125 HBProcessor.cpp:33] Receive heartbeat from "nebula-storaged0":9779, role = STORAGE
I20260817 14:44:39.280798   125 HBProcessor.cpp:33] Receive heartbeat from "nebula-graphd":9669, role = GRAPH
I20260817 14:44:48.803807   125 HBProcessor.cpp:33] Receive heartbeat from "nebula-storaged0":9779, role = STORAGE
I20260817 14:44:49.290879   125 HBProcessor.cpp:33] Receive heartbeat from "nebula-graphd":9669, role = GRAPH
I20260817 14:44:58.815979   125 HBProcessor.cpp:33] Receive heartbeat from "nebula-storaged0":9779, role = STORAGE
I20260817 14:44:59.295565   125 HBProcessor.cpp:33] Receive heartbeat from "nebula-graphd":9669, role = GRAPH
I20260817 14:45:08.828224   125 HBProcessor.cpp:33] Receive heartbeat from "nebula-storaged0":9779, role = STORAGE
I20260817 14:45:09.304270   125 HBProcessor.cpp:33] Receive heartbeat from "nebula-graphd":9669, role = GRAPH
I20260817 14:45:18.843286   125 HBProcessor.cpp:33] Receive heartbeat from "nebula-storaged0":9779, role = STORAGE
I20260817 14:45:19.314651   125 HBProcessor.cpp:33] Receive heartbeat from "nebula-graphd":9669, role = GRAPH
I20260817 14:45:28.848616   125 HBProcessor.cpp:33] Receive heartbeat from "nebula-storaged0":9779, role = STORAGE
I20260817 14:45:29.323473   125 HBProcessor.cpp:33] Receive heartbeat from "nebula-graphd":9669, role = GRAPH
I20260817 14:45:38.860668   125 HBProcessor.cpp:33] Receive heartbeat from "nebula-storaged0":9779, role = STORAGE
I20260817 14:45:39.335517   125 HBProcessor.cpp:33] Receive heartbeat from "nebula-graphd":9669, role = GRAPH
I20260817 14:45:48.870522   125 HBProcessor.cpp:33] Receive heartbeat from "nebula-storaged0":9779, role = STORAGE
I20260817 14:45:49.340065   125 HBProcessor.cpp:33] Receive heartbeat from "nebula-graphd":9669, role = GRAPH
I20260817 14:45:58.874217   125 HBProcessor.cpp:33] Receive heartbeat from "nebula-storaged0":9779, role = STORAGE
I20260817 14:45:59.353585   125 HBProcessor.cpp:33] Receive heartbeat from "nebula-graphd":9669, role = GRAPH
I20260817 14:46:08.882575   125 HBProcessor.cpp:33] Receive heartbeat from "nebula-storaged0":9779, role = STORAGE
I20260817 14:46:09.364136   125 HBProcessor.cpp:33] Receive heartbeat from "nebula-graphd":9669, role = GRAPH
I20260817 14:46:18.892980   125 HBProcessor.cpp:33] Receive heartbeat from "nebula-storaged0":9779, role = STORAGE
I20260817 14:46:19.374495   125 HBProcessor.cpp:33] Receive heartbeat from "nebula-graphd":9669, role = GRAPH
I20260817 14:46:28.904821   125 HBProcessor.cpp:33] Receive heartbeat from "nebula-storaged0":9779, role = STORAGE
I20260817 14:46:29.384858   125 HBProcessor.cpp:33] Receive heartbeat from "nebula-graphd":9669, role = GRAPH
I20260817 14:46:38.915896   125 HBProcessor.cpp:33] Receive heartbeat from "nebula-storaged0":9779, role = STORAGE
I20260817 14:46:39.390055   125 HBProcessor.cpp:33] Receive heartbeat from "nebula-graphd":9669, role = GRAPH
I20260817 14:46:48.926795   125 HBProcessor.cpp:33] Receive heartbeat from "nebula-storaged0":9779, role = STORAGE
I20260817 14:46:49.396425   125 HBProcessor.cpp:33] Receive heartbeat from "nebula-graphd":9669, role = GRAPH
I20260817 14:46:58.938827   125 HBProcessor.cpp:33] Receive heartbeat from "nebula-storaged0":9779, role = STORAGE
I20260817 14:46:59.405057   125 HBProcessor.cpp:33] Receive heartbeat from "nebula-graphd":9669, role = GRAPH
I20260817 14:47:08.951083   125 HBProcessor.cpp:33] Receive heartbeat from "nebula-storaged0":9779, role = STORAGE
I20260817 14:47:09.416909   125 HBProcessor.cpp:33] Receive heartbeat from "nebula-graphd":9669, role = GRAPH
I20260817 14:47:18.961503   125 HBProcessor.cpp:33] Receive heartbeat from "nebula-storaged0":9779, role = STORAGE
I20260817 14:47:19.427141   125 HBProcessor.cpp:33] Receive heartbeat from "nebula-graphd":9669, role = GRAPH
I20260817 14:47:28.974020   125 HBProcessor.cpp:33] Receive heartbeat from "nebula-storaged0":9779, role = STORAGE
I20260817 14:47:29.431094   125 HBProcessor.cpp:33] Receive heartbeat from "nebula-graphd":9669, role = GRAPH
I20260817 14:47:38.985957   125 HBProcessor.cpp:33] Receive heartbeat from "nebula-storaged0":9779, role = STORAGE
I20260817 14:47:39.442198   125 HBProcessor.cpp:33] Receive heartbeat from "nebula-graphd":9669, role = GRAPH
I20260817 14:47:48.994050   125 HBProcessor.cpp:33] Receive heartbeat from "nebula-storaged0":9779, role = STORAGE
I20260817 14:47:49.448796   125 HBProcessor.cpp:33] Receive heartbeat from "nebula-graphd":9669, role = GRAPH
I20260817 14:47:59.005841   125 HBProcessor.cpp:33] Receive heartbeat from "nebula-storaged0":9779, role = STORAGE
I20260817 14:47:59.453514   125 HBProcessor.cpp:33] Receive heartbeat from "nebula-graphd":9669, role = GRAPH
I20260817 14:48:09.012560   125 HBProcessor.cpp:33] Receive heartbeat from "nebula-storaged0":9779, role = STORAGE
I20260817 14:48:09.465430   125 HBProcessor.cpp:33] Receive heartbeat from "nebula-graphd":9669, role = GRAPH
I20260817 14:48:19.016391   125 HBProcessor.cpp:33] Receive heartbeat from "nebula-storaged0":9779, role = STORAGE
I20260817 14:48:19.474720   125 HBProcessor.cpp:33] Receive heartbeat from "nebula-graphd":9669, role = GRAPH
I20260817 14:48:29.026887   125 HBProcessor.cpp:33] Receive heartbeat from "nebula-storaged0":9779, role = STORAGE
I20260817 14:48:29.481685   125 HBProcessor.cpp:33] Receive heartbeat from "nebula-graphd":9669, role = GRAPH
I20260817 14:48:39.041999   125 HBProcessor.cpp:33] Receive heartbeat from "nebula-storaged0":9779, role = STORAGE
I20260817 14:48:39.493486   125 HBProcessor.cpp:33] Receive heartbeat from "nebula-graphd":9669, role = GRAPH
I20260817 14:48:49.047780   125 HBProcessor.cpp:33] Receive heartbeat from "nebula-storaged0":9779, role = STORAGE
I20260817 14:48:49.502004   125 HBProcessor.cpp:33] Receive heartbeat from "nebula-graphd":9669, role = GRAPH
I20260817 14:48:59.060022   125 HBProcessor.cpp:33] Receive heartbeat from "nebula-storaged0":9779, role = STORAGE
I20260817 14:48:59.513854   125 HBProcessor.cpp:33] Receive heartbeat from "nebula-graphd":9669, role = GRAPH
I20260817 14:49:09.072508   125 HBProcessor.cpp:33] Receive heartbeat from "nebula-storaged0":9779, role = STORAGE
I20260817 14:49:09.519646   125 HBProcessor.cpp:33] Receive heartbeat from "nebula-graphd":9669, role = GRAPH
I20260817 14:49:19.082867   125 HBProcessor.cpp:33] Receive heartbeat from "nebula-storaged0":9779, role = STORAGE
I20260817 14:49:19.526711   125 HBProcessor.cpp:33] Receive heartbeat from "nebula-graphd":9669, role = GRAPH
I20260817 14:49:29.094697   125 HBProcessor.cpp:33] Receive heartbeat from "nebula-storaged0":9779, role = STORAGE
I20260817 14:49:29.538411   125 HBProcessor.cpp:33] Receive heartbeat from "nebula-graphd":9669, role = GRAPH
I20260817 14:49:39.102586   125 HBProcessor.cpp:33] Receive heartbeat from "nebula-storaged0":9779, role = STORAGE
I20260817 14:49:39.550041   125 HBProcessor.cpp:33] Receive heartbeat from "nebula-graphd":9669, role = GRAPH
I20260817 14:49:49.113087   125 HBProcessor.cpp:33] Receive heartbeat from "nebula-storaged0":9779, role = STORAGE
I20260817 14:49:49.555348   125 HBProcessor.cpp:33] Receive heartbeat from "nebula-graphd":9669, role = GRAPH
I20260817 14:49:59.122820   125 HBProcessor.cpp:33] Receive heartbeat from "nebula-storaged0":9779, role = STORAGE
I20260817 14:49:59.563267   125 HBProcessor.cpp:33] Receive heartbeat from "nebula-graphd":9669, role = GRAPH
I20260817 14:50:09.134618   125 HBProcessor.cpp:33] Receive heartbeat from "nebula-storaged0":9779, role = STORAGE
I20260817 14:50:09.571095   125 HBProcessor.cpp:33] Receive heartbeat from "nebula-graphd":9669, role = GRAPH
I20260817 14:50:19.144876   125 HBProcessor.cpp:33] Receive heartbeat from "nebula-storaged0":9779, role = STORAGE
I20260817 14:50:19.578418   125 HBProcessor.cpp:33] Receive heartbeat from "nebula-graphd":9669, role = GRAPH
I20260817 14:50:29.153421   125 HBProcessor.cpp:33] Receive heartbeat from "nebula-storaged0":9779, role = STORAGE
I20260817 14:50:29.590126   125 HBProcessor.cpp:33] Receive heartbeat from "nebula-graphd":9669, role = GRAPH
I20260817 14:50:39.165408   125 HBProcessor.cpp:33] Receive heartbeat from "nebula-storaged0":9779, role = STORAGE
I20260817 14:50:39.593333   125 HBProcessor.cpp:33] Receive heartbeat from "nebula-graphd":9669, role = GRAPH
I20260817 14:50:49.168093   125 HBProcessor.cpp:33] Receive heartbeat from "nebula-storaged0":9779, role = STORAGE
I20260817 14:50:49.603794   125 HBProcessor.cpp:33] Receive heartbeat from "nebula-graphd":9669, role = GRAPH
I20260817 14:50:59.179828   125 HBProcessor.cpp:33] Receive heartbeat from "nebula-storaged0":9779, role = STORAGE
I20260817 14:50:59.615923   125 HBProcessor.cpp:33] Receive heartbeat from "nebula-graphd":9669, role = GRAPH
I20260817 14:51:09.192330   125 HBProcessor.cpp:33] Receive heartbeat from "nebula-storaged0":9779, role = STORAGE
I20260817 14:51:09.625934   125 HBProcessor.cpp:33] Receive heartbeat from "nebula-graphd":9669, role = GRAPH
I20260817 14:51:19.205698   125 HBProcessor.cpp:33] Receive heartbeat from "nebula-storaged0":9779, role = STORAGE
I20260817 14:51:19.636730   125 HBProcessor.cpp:33] Receive heartbeat from "nebula-graphd":9669, role = GRAPH
I20260817 14:51:29.218622   125 HBProcessor.cpp:33] Receive heartbeat from "nebula-storaged0":9779, role = STORAGE
I20260817 14:51:29.648954   125 HBProcessor.cpp:33] Receive heartbeat from "nebula-graphd":9669, role = GRAPH
I20260817 14:51:39.220924   125 HBProcessor.cpp:33] Receive heartbeat from "nebula-storaged0":9779, role = STORAGE
I20260817 14:51:39.660866   125 HBProcessor.cpp:33] Receive heartbeat from "nebula-graphd":9669, role = GRAPH
I20260817 14:51:49.231330   125 HBProcessor.cpp:33] Receive heartbeat from "nebula-storaged0":9779, role = STORAGE
I20260817 14:51:49.670908   125 HBProcessor.cpp:33] Receive heartbeat from "nebula-graphd":9669, role = GRAPH
I20260817 14:51:59.243122   125 HBProcessor.cpp:33] Receive heartbeat from "nebula-storaged0":9779, role = STORAGE
I20260817 14:51:59.681036   125 HBProcessor.cpp:33] Receive heartbeat from "nebula-graphd":9669, role = GRAPH
I20260817 14:52:09.254901   125 HBProcessor.cpp:33] Receive heartbeat from "nebula-storaged0":9779, role = STORAGE
I20260817 14:52:09.688484   125 HBProcessor.cpp:33] Receive heartbeat from "nebula-graphd":9669, role = GRAPH
I20260817 14:52:19.264987   125 HBProcessor.cpp:33] Receive heartbeat from "nebula-storaged0":9779, role = STORAGE
I20260817 14:52:19.698406   125 HBProcessor.cpp:33] Receive heartbeat from "nebula-graphd":9669, role = GRAPH
I20260817 14:52:29.276896   125 HBProcessor.cpp:33] Receive heartbeat from "nebula-storaged0":9779, role = STORAGE
I20260817 14:52:29.710191   125 HBProcessor.cpp:33] Receive heartbeat from "nebula-graphd":9669, role = GRAPH
I20260817 14:52:39.288770   125 HBProcessor.cpp:33] Receive heartbeat from "nebula-storaged0":9779, role = STORAGE
I20260817 14:52:39.722285   125 HBProcessor.cpp:33] Receive heartbeat from "nebula-graphd":9669, role = GRAPH
I20260817 14:52:49.298431   125 HBProcessor.cpp:33] Receive heartbeat from "nebula-storaged0":9779, role = STORAGE
I20260817 14:52:49.733808   125 HBProcessor.cpp:33] Receive heartbeat from "nebula-graphd":9669, role = GRAPH
I20260817 14:52:59.310298   125 HBProcessor.cpp:33] Receive heartbeat from "nebula-storaged0":9779, role = STORAGE
I20260817 14:52:59.745715   125 HBProcessor.cpp:33] Receive heartbeat from "nebula-graphd":9669, role = GRAPH
I20260817 14:53:09.322629   125 HBProcessor.cpp:33] Receive heartbeat from "nebula-storaged0":9779, role = STORAGE
I20260817 14:53:09.754287   125 HBProcessor.cpp:33] Receive heartbeat from "nebula-graphd":9669, role = GRAPH
I20260817 14:53:19.331249   125 HBProcessor.cpp:33] Receive heartbeat from "nebula-storaged0":9779, role = STORAGE
I20260817 14:53:19.758064   125 HBProcessor.cpp:33] Receive heartbeat from "nebula-graphd":9669, role = GRAPH
I20260817 14:53:29.343155   125 HBProcessor.cpp:33] Receive heartbeat from "nebula-storaged0":9779, role = STORAGE
I20260817 14:53:29.767036   125 HBProcessor.cpp:33] Receive heartbeat from "nebula-graphd":9669, role = GRAPH
I20260817 14:53:39.355109   125 HBProcessor.cpp:33] Receive heartbeat from "nebula-storaged0":9779, role = STORAGE
I20260817 14:53:39.782558   125 HBProcessor.cpp:33] Receive heartbeat from "nebula-graphd":9669, role = GRAPH
I20260817 14:53:49.361524   125 HBProcessor.cpp:33] Receive heartbeat from "nebula-storaged0":9779, role = STORAGE
I20260817 14:53:49.785355   125 HBProcessor.cpp:33] Receive heartbeat from "nebula-graphd":9669, role = GRAPH
I20260817 14:53:59.371990   125 HBProcessor.cpp:33] Receive heartbeat from "nebula-storaged0":9779, role = STORAGE
I20260817 14:53:59.793550   125 HBProcessor.cpp:33] Receive heartbeat from "nebula-graphd":9669, role = GRAPH
I20260817 14:54:09.383895   125 HBProcessor.cpp:33] Receive heartbeat from "nebula-storaged0":9779, role = STORAGE
I20260817 14:54:09.800596   125 HBProcessor.cpp:33] Receive heartbeat from "nebula-graphd":9669, role = GRAPH
I20260817 14:54:19.391144   125 HBProcessor.cpp:33] Receive heartbeat from "nebula-storaged0":9779, role = STORAGE
I20260817 14:54:19.809367   125 HBProcessor.cpp:33] Receive heartbeat from "nebula-graphd":9669, role = GRAPH
I20260817 14:54:29.403162   125 HBProcessor.cpp:33] Receive heartbeat from "nebula-storaged0":9779, role = STORAGE
I20260817 14:54:29.821250   125 HBProcessor.cpp:33] Receive heartbeat from "nebula-graphd":9669, role = GRAPH
I20260817 14:54:39.409168   125 HBProcessor.cpp:33] Receive heartbeat from "nebula-storaged0":9779, role = STORAGE
I20260817 14:54:39.833086   125 HBProcessor.cpp:33] Receive heartbeat from "nebula-graphd":9669, role = GRAPH
I20260817 14:54:49.410808   125 HBProcessor.cpp:33] Receive heartbeat from "nebula-storaged0":9779, role = STORAGE
I20260817 14:54:49.833461   125 HBProcessor.cpp:33] Receive heartbeat from "nebula-graphd":9669, role = GRAPH
I20260817 14:54:59.422542   125 HBProcessor.cpp:33] Receive heartbeat from "nebula-storaged0":9779, role = STORAGE
I20260817 14:54:59.845319   125 HBProcessor.cpp:33] Receive heartbeat from "nebula-graphd":9669, role = GRAPH
I20260817 14:55:09.434510   125 HBProcessor.cpp:33] Receive heartbeat from "nebula-storaged0":9779, role = STORAGE
I20260817 14:55:09.857100   125 HBProcessor.cpp:33] Receive heartbeat from "nebula-graphd":9669, role = GRAPH
I20260817 14:55:19.443918   125 HBProcessor.cpp:33] Receive heartbeat from "nebula-storaged0":9779, role = STORAGE
I20260817 14:55:19.866845   125 HBProcessor.cpp:33] Receive heartbeat from "nebula-graphd":9669, role = GRAPH
I20260817 14:55:29.455936   125 HBProcessor.cpp:33] Receive heartbeat from "nebula-storaged0":9779, role = STORAGE
I20260817 14:55:29.878708   125 HBProcessor.cpp:33] Receive heartbeat from "nebula-graphd":9669, role = GRAPH
I20260817 14:55:39.464545   125 HBProcessor.cpp:33] Receive heartbeat from "nebula-storaged0":9779, role = STORAGE
I20260817 14:55:39.888382   125 HBProcessor.cpp:33] Receive heartbeat from "nebula-graphd":9669, role = GRAPH
I20260817 14:55:49.474491   125 HBProcessor.cpp:33] Receive heartbeat from "nebula-storaged0":9779, role = STORAGE
I20260817 14:55:49.898590   125 HBProcessor.cpp:33] Receive heartbeat from "nebula-graphd":9669, role = GRAPH
I20260817 14:55:59.478451   125 HBProcessor.cpp:33] Receive heartbeat from "nebula-storaged0":9779, role = STORAGE
I20260817 14:55:59.910727   125 HBProcessor.cpp:33] Receive heartbeat from "nebula-graphd":9669, role = GRAPH
I20260817 14:56:02.884025     1 MetaDaemon.cpp:230] Signal 15(Terminated) received, stopping this server
I20260817 14:56:02.916029     1 JobManager.cpp:138] JobManager::shutDown() begin
I20260817 14:56:02.922391   103 JobManager.cpp:155] Detect shutdown called, exit
I20260817 14:56:02.924273   103 JobDescription.cpp:113] Loading job description failed, error: E_JOB_NOT_IN_SPACE
I20260817 14:56:02.928342   103 JobManager.cpp:175] Load an invalid job from space 0 jodId 0
I20260817 14:56:02.929507     1 JobManager.cpp:146] JobManager::shutDown() end
I20260817 14:56:02.937027     1 NebulaStore.cpp:343] Stop the raft service...
I20260817 14:56:02.938402     1 RaftexService.cpp:67] Stopping the raftex service on port 9560
I20260817 14:56:02.939284     1 RaftexService.cpp:77] All partitions have stopped
I20260817 14:56:02.939898     1 NebulaStore.cpp:346] Stop kv engine...
I20260817 14:56:02.941457     1 NebulaStore.cpp:343] Stop the raft service...
I20260817 14:56:02.942039     1 RaftexService.cpp:67] Stopping the raftex service on port 9560
I20260817 14:56:02.942543     1 RaftexService.cpp:77] All partitions have stopped
I20260817 14:56:02.944114     1 NebulaStore.cpp:346] Stop kv engine...
I20260817 14:56:02.945155     1 NebulaStore.cpp:36] Cut off the relationship with meta client
I20260817 14:56:02.947837     1 Part.h:59] [Port: 9560, Space: 0, Part: 0] ~Part()
I20260817 14:56:02.956166     1 RocksEngine.h:247] Release rocksdb on /data/meta/nebula/0
I20260817 14:56:02.980159     1 NebulaStore.cpp:44] ~NebulaStore()
I20260817 14:56:02.981091     1 MetaDaemon.cpp:215] The meta Daemon stopped
I20260817 14:56:02.984925     1 JobManager.cpp:138] JobManager::shutDown() begin
I20260817 14:56:02.985586     1 JobManager.cpp:141] JobManager not running, exit
I20260817 14:56:20.648701     1 MetaDaemon.cpp:137] localhost = "nebula-metad0":9559
I20260817 14:56:20.664170     1 NebulaStore.cpp:48] Start the raft service...
I20260817 14:56:20.666193     1 NebulaSnapshotManager.cpp:25] Send snapshot is rate limited to 10485760 for each part by default
I20260817 14:56:20.747663     1 RaftexService.cpp:46] Start raft service on 9560
I20260817 14:56:20.751147     1 NebulaStore.cpp:82] Scan the local path, and init the spaces_
I20260817 14:56:20.754593     1 NebulaStore.cpp:90] Scan path "/data/meta/nebula/0"
I20260817 14:56:20.755532     1 NebulaStore.cpp:292] Init data from partManager for "nebula-metad0":9559
I20260817 14:56:20.756424     1 NebulaStore.cpp:417] Create data space 0
I20260817 14:56:20.894560    74 RocksEngine.cpp:107] open rocksdb on /data/meta/nebula/0/data
I20260817 14:56:22.894399     1 NebulaStore.cpp:480] Space 0, part 0 has been added, asLearner 0
I20260817 14:56:22.895150     1 NebulaStore.cpp:75] Register handler...
I20260817 14:56:22.895699     1 MetaDaemonInit.cpp:106] Waiting for the leader elected...
I20260817 14:56:22.896257     1 MetaDaemonInit.cpp:118] Leader has not been elected, sleep 1s
I20260817 14:56:23.897310     1 MetaDaemonInit.cpp:153] Get meta version is 4
I20260817 14:56:23.899176     1 MetaDaemonInit.cpp:169] Nebula store init succeeded, clusterId 2557737320329270911
I20260817 14:56:23.900032     1 MetaDaemon.cpp:150] Start http service
I20260817 14:56:23.901522     1 MetaDaemonInit.cpp:226] Starting Meta HTTP Service
I20260817 14:56:23.909184    97 WebService.cpp:124] Web service started on HTTP[19559]
I20260817 14:56:23.910126     1 MetaDaemonInit.cpp:192] Check root user
I20260817 14:56:23.911022     1 RootUserMan.h:35] God user exists
I20260817 14:56:23.916016     1 MetaDaemon.cpp:193] The meta daemon start on "nebula-metad0":9559
I20260817 14:56:23.923687     1 JobManager.cpp:64] JobManager initialized
I20260817 14:56:23.923691   103 JobManager.cpp:150] JobManager::scheduleThread enter
I20260817 14:56:25.861584   124 HBProcessor.cpp:33] Receive heartbeat from "nebula-storaged0":9779, role = STORAGE
I20260817 14:56:25.862372   124 HBProcessor.cpp:52] Set clusterId for new host "nebula-storaged0":9779!
I20260817 14:56:25.863096   124 HBProcessor.cpp:89] Update host "nebula-storaged0":9779 dir info, root path: /usr/local/nebula, data path size: 1
I20260817 14:56:25.886372   124 SessionManagerProcessor.cpp:155] resp session size: 0
I20260817 14:56:28.687776   124 HBProcessor.cpp:33] Receive heartbeat from "nebula-graphd":9669, role = GRAPH
I20260817 14:56:28.688413   124 HBProcessor.cpp:89] Update host "nebula-graphd":9669 dir info, root path: /usr/local/nebula, data path size: 0
I20260817 14:56:28.737216   124 SessionManagerProcessor.cpp:155] resp session size: 0
I20260817 14:56:28.809669   124 SessionManagerProcessor.cpp:155] resp session size: 0
E20260817 14:56:34.138981   124 AddHostsProcessor.cpp:72] The host "nebula-storaged0":9779 have existed!
I20260817 14:56:35.927443   124 HBProcessor.cpp:33] Receive heartbeat from "nebula-storaged0":9779, role = STORAGE
I20260817 14:56:38.834444   124 HBProcessor.cpp:33] Receive heartbeat from "nebula-graphd":9669, role = GRAPH
I20260817 14:56:45.939507   124 HBProcessor.cpp:33] Receive heartbeat from "nebula-storaged0":9779, role = STORAGE
I20260817 14:56:48.837051   124 HBProcessor.cpp:33] Receive heartbeat from "nebula-graphd":9669, role = GRAPH
I20260817 14:56:55.947312   124 HBProcessor.cpp:33] Receive heartbeat from "nebula-storaged0":9779, role = STORAGE
I20260817 14:56:58.846906   124 HBProcessor.cpp:33] Receive heartbeat from "nebula-graphd":9669, role = GRAPH
I20260817 14:57:05.958453   124 HBProcessor.cpp:33] Receive heartbeat from "nebula-storaged0":9779, role = STORAGE
I20260817 14:57:08.857007   124 HBProcessor.cpp:33] Receive heartbeat from "nebula-graphd":9669, role = GRAPH
I20260817 14:57:15.960420   124 HBProcessor.cpp:33] Receive heartbeat from "nebula-storaged0":9779, role = STORAGE
I20260817 14:57:18.863149   124 HBProcessor.cpp:33] Receive heartbeat from "nebula-graphd":9669, role = GRAPH
I20260817 14:57:25.970901   124 HBProcessor.cpp:33] Receive heartbeat from "nebula-storaged0":9779, role = STORAGE
I20260817 14:57:28.874856   124 HBProcessor.cpp:33] Receive heartbeat from "nebula-graphd":9669, role = GRAPH
I20260817 14:57:35.983179   124 HBProcessor.cpp:33] Receive heartbeat from "nebula-storaged0":9779, role = STORAGE
I20260817 14:57:38.881454   124 HBProcessor.cpp:33] Receive heartbeat from "nebula-graphd":9669, role = GRAPH
I20260817 14:57:45.992496   124 HBProcessor.cpp:33] Receive heartbeat from "nebula-storaged0":9779, role = STORAGE
I20260817 14:57:48.890952   124 HBProcessor.cpp:33] Receive heartbeat from "nebula-graphd":9669, role = GRAPH
I20260817 14:57:56.004419   124 HBProcessor.cpp:33] Receive heartbeat from "nebula-storaged0":9779, role = STORAGE
I20260817 14:57:58.902846   124 HBProcessor.cpp:33] Receive heartbeat from "nebula-graphd":9669, role = GRAPH
I20260817 14:58:06.017151   124 HBProcessor.cpp:33] Receive heartbeat from "nebula-storaged0":9779, role = STORAGE
I20260817 14:58:08.914942   124 HBProcessor.cpp:33] Receive heartbeat from "nebula-graphd":9669, role = GRAPH
I20260817 14:58:16.025797   124 HBProcessor.cpp:33] Receive heartbeat from "nebula-storaged0":9779, role = STORAGE
I20260817 14:58:18.925876   124 HBProcessor.cpp:33] Receive heartbeat from "nebula-graphd":9669, role = GRAPH
I20260817 14:58:26.034596   124 HBProcessor.cpp:33] Receive heartbeat from "nebula-storaged0":9779, role = STORAGE
I20260817 14:58:28.937947   124 HBProcessor.cpp:33] Receive heartbeat from "nebula-graphd":9669, role = GRAPH
I20260817 14:58:36.039731   124 HBProcessor.cpp:33] Receive heartbeat from "nebula-storaged0":9779, role = STORAGE
I20260817 14:58:38.949896   124 HBProcessor.cpp:33] Receive heartbeat from "nebula-graphd":9669, role = GRAPH
I20260817 14:58:46.049805   124 HBProcessor.cpp:33] Receive heartbeat from "nebula-storaged0":9779, role = STORAGE
I20260817 14:58:48.955886   124 HBProcessor.cpp:33] Receive heartbeat from "nebula-graphd":9669, role = GRAPH
I20260817 14:58:56.060527   124 HBProcessor.cpp:33] Receive heartbeat from "nebula-storaged0":9779, role = STORAGE
I20260817 14:58:58.967762   124 HBProcessor.cpp:33] Receive heartbeat from "nebula-graphd":9669, role = GRAPH
I20260817 14:59:06.073236   124 HBProcessor.cpp:33] Receive heartbeat from "nebula-storaged0":9779, role = STORAGE
I20260817 14:59:08.974129   124 HBProcessor.cpp:33] Receive heartbeat from "nebula-graphd":9669, role = GRAPH
I20260817 14:59:16.077625   124 HBProcessor.cpp:33] Receive heartbeat from "nebula-storaged0":9779, role = STORAGE
I20260817 14:59:18.978988   124 HBProcessor.cpp:33] Receive heartbeat from "nebula-graphd":9669, role = GRAPH
I20260817 14:59:26.087517   124 HBProcessor.cpp:33] Receive heartbeat from "nebula-storaged0":9779, role = STORAGE
I20260817 14:59:28.990826   124 HBProcessor.cpp:33] Receive heartbeat from "nebula-graphd":9669, role = GRAPH
I20260817 14:59:36.100075   124 HBProcessor.cpp:33] Receive heartbeat from "nebula-storaged0":9779, role = STORAGE
I20260817 14:59:39.002704   124 HBProcessor.cpp:33] Receive heartbeat from "nebula-graphd":9669, role = GRAPH
I20260817 14:59:46.108345   124 HBProcessor.cpp:33] Receive heartbeat from "nebula-storaged0":9779, role = STORAGE
I20260817 14:59:49.011873   124 HBProcessor.cpp:33] Receive heartbeat from "nebula-graphd":9669, role = GRAPH
I20260817 14:59:56.117111   124 HBProcessor.cpp:33] Receive heartbeat from "nebula-storaged0":9779, role = STORAGE
I20260817 14:59:59.023977   124 HBProcessor.cpp:33] Receive heartbeat from "nebula-graphd":9669, role = GRAPH
I20260817 15:00:06.124811   124 HBProcessor.cpp:33] Receive heartbeat from "nebula-storaged0":9779, role = STORAGE
I20260817 15:00:09.036046   124 HBProcessor.cpp:33] Receive heartbeat from "nebula-graphd":9669, role = GRAPH
I20260817 15:00:16.130558   124 HBProcessor.cpp:33] Receive heartbeat from "nebula-storaged0":9779, role = STORAGE
I20260817 15:00:19.047302   124 HBProcessor.cpp:33] Receive heartbeat from "nebula-graphd":9669, role = GRAPH
I20260817 15:00:26.142611   124 HBProcessor.cpp:33] Receive heartbeat from "nebula-storaged0":9779, role = STORAGE
I20260817 15:00:29.059507   124 HBProcessor.cpp:33] Receive heartbeat from "nebula-graphd":9669, role = GRAPH
I20260817 15:00:36.154611   124 HBProcessor.cpp:33] Receive heartbeat from "nebula-storaged0":9779, role = STORAGE
I20260817 15:00:39.069352   124 HBProcessor.cpp:33] Receive heartbeat from "nebula-graphd":9669, role = GRAPH
I20260817 15:00:46.161332   124 HBProcessor.cpp:33] Receive heartbeat from "nebula-storaged0":9779, role = STORAGE
I20260817 15:00:49.079289   124 HBProcessor.cpp:33] Receive heartbeat from "nebula-graphd":9669, role = GRAPH
I20260817 15:00:56.173548   124 HBProcessor.cpp:33] Receive heartbeat from "nebula-storaged0":9779, role = STORAGE
I20260817 15:00:59.091416   124 HBProcessor.cpp:33] Receive heartbeat from "nebula-graphd":9669, role = GRAPH
I20260817 15:01:06.181515   124 HBProcessor.cpp:33] Receive heartbeat from "nebula-storaged0":9779, role = STORAGE
I20260817 15:01:09.099053   124 HBProcessor.cpp:33] Receive heartbeat from "nebula-graphd":9669, role = GRAPH
I20260817 15:01:16.194959   124 HBProcessor.cpp:33] Receive heartbeat from "nebula-storaged0":9779, role = STORAGE
I20260817 15:01:19.109149   124 HBProcessor.cpp:33] Receive heartbeat from "nebula-graphd":9669, role = GRAPH
I20260817 15:01:26.207255   124 HBProcessor.cpp:33] Receive heartbeat from "nebula-storaged0":9779, role = STORAGE
I20260817 15:01:29.119464   124 HBProcessor.cpp:33] Receive heartbeat from "nebula-graphd":9669, role = GRAPH
I20260817 15:01:36.219549   124 HBProcessor.cpp:33] Receive heartbeat from "nebula-storaged0":9779, role = STORAGE
I20260817 15:01:39.132191   124 HBProcessor.cpp:33] Receive heartbeat from "nebula-graphd":9669, role = GRAPH
I20260817 15:01:46.223316   124 HBProcessor.cpp:33] Receive heartbeat from "nebula-storaged0":9779, role = STORAGE
I20260817 15:01:49.133723   124 HBProcessor.cpp:33] Receive heartbeat from "nebula-graphd":9669, role = GRAPH
I20260817 15:01:56.233690   124 HBProcessor.cpp:33] Receive heartbeat from "nebula-storaged0":9779, role = STORAGE
I20260817 15:01:59.146051   124 HBProcessor.cpp:33] Receive heartbeat from "nebula-graphd":9669, role = GRAPH
I20260817 15:02:06.246654   124 HBProcessor.cpp:33] Receive heartbeat from "nebula-storaged0":9779, role = STORAGE
I20260817 15:02:09.159348   124 HBProcessor.cpp:33] Receive heartbeat from "nebula-graphd":9669, role = GRAPH
I20260817 15:02:16.257017   124 HBProcessor.cpp:33] Receive heartbeat from "nebula-storaged0":9779, role = STORAGE
I20260817 15:02:19.166712   124 HBProcessor.cpp:33] Receive heartbeat from "nebula-graphd":9669, role = GRAPH
I20260817 15:02:26.264967   124 HBProcessor.cpp:33] Receive heartbeat from "nebula-storaged0":9779, role = STORAGE
I20260817 15:02:29.178622   124 HBProcessor.cpp:33] Receive heartbeat from "nebula-graphd":9669, role = GRAPH
I20260817 15:02:36.272908   124 HBProcessor.cpp:33] Receive heartbeat from "nebula-storaged0":9779, role = STORAGE
I20260817 15:02:39.189783   124 HBProcessor.cpp:33] Receive heartbeat from "nebula-graphd":9669, role = GRAPH
I20260817 15:02:46.281502   124 HBProcessor.cpp:33] Receive heartbeat from "nebula-storaged0":9779, role = STORAGE
I20260817 15:02:49.200453   124 HBProcessor.cpp:33] Receive heartbeat from "nebula-graphd":9669, role = GRAPH
I20260817 15:02:56.290973   124 HBProcessor.cpp:33] Receive heartbeat from "nebula-storaged0":9779, role = STORAGE
I20260817 15:02:59.214769   124 HBProcessor.cpp:33] Receive heartbeat from "nebula-graphd":9669, role = GRAPH
I20260817 15:03:06.303249   124 HBProcessor.cpp:33] Receive heartbeat from "nebula-storaged0":9779, role = STORAGE
I20260817 15:03:09.227639   124 HBProcessor.cpp:33] Receive heartbeat from "nebula-graphd":9669, role = GRAPH
I20260817 15:03:16.328599   124 HBProcessor.cpp:33] Receive heartbeat from "nebula-storaged0":9779, role = STORAGE
I20260817 15:03:19.232031   124 HBProcessor.cpp:33] Receive heartbeat from "nebula-graphd":9669, role = GRAPH
I20260817 15:03:26.339640   124 HBProcessor.cpp:33] Receive heartbeat from "nebula-storaged0":9779, role = STORAGE
I20260817 15:03:29.243516   124 HBProcessor.cpp:33] Receive heartbeat from "nebula-graphd":9669, role = GRAPH
I20260817 15:03:36.355065   124 HBProcessor.cpp:33] Receive heartbeat from "nebula-storaged0":9779, role = STORAGE
I20260817 15:03:39.255529   124 HBProcessor.cpp:33] Receive heartbeat from "nebula-graphd":9669, role = GRAPH
I20260817 15:03:46.365638   124 HBProcessor.cpp:33] Receive heartbeat from "nebula-storaged0":9779, role = STORAGE
I20260817 15:03:49.260504   124 HBProcessor.cpp:33] Receive heartbeat from "nebula-graphd":9669, role = GRAPH
I20260817 15:03:56.373958   124 HBProcessor.cpp:33] Receive heartbeat from "nebula-storaged0":9779, role = STORAGE
I20260817 15:03:59.272785   124 HBProcessor.cpp:33] Receive heartbeat from "nebula-graphd":9669, role = GRAPH
I20260817 15:04:06.386620   124 HBProcessor.cpp:33] Receive heartbeat from "nebula-storaged0":9779, role = STORAGE
I20260817 15:04:09.285212   124 HBProcessor.cpp:33] Receive heartbeat from "nebula-graphd":9669, role = GRAPH
I20260817 15:04:16.397115   124 HBProcessor.cpp:33] Receive heartbeat from "nebula-storaged0":9779, role = STORAGE
I20260817 15:04:19.295106   124 HBProcessor.cpp:33] Receive heartbeat from "nebula-graphd":9669, role = GRAPH
I20260817 15:04:26.408538   124 HBProcessor.cpp:33] Receive heartbeat from "nebula-storaged0":9779, role = STORAGE
I20260817 15:04:29.299118   124 HBProcessor.cpp:33] Receive heartbeat from "nebula-graphd":9669, role = GRAPH
I20260817 15:04:36.419696   124 HBProcessor.cpp:33] Receive heartbeat from "nebula-storaged0":9779, role = STORAGE
I20260817 15:04:39.311162   124 HBProcessor.cpp:33] Receive heartbeat from "nebula-graphd":9669, role = GRAPH
I20260817 15:04:46.422479   124 HBProcessor.cpp:33] Receive heartbeat from "nebula-storaged0":9779, role = STORAGE
I20260817 15:04:49.322000   124 HBProcessor.cpp:33] Receive heartbeat from "nebula-graphd":9669, role = GRAPH
I20260817 15:04:56.434680   124 HBProcessor.cpp:33] Receive heartbeat from "nebula-storaged0":9779, role = STORAGE
I20260817 15:04:59.328270   124 HBProcessor.cpp:33] Receive heartbeat from "nebula-graphd":9669, role = GRAPH
I20260817 15:05:06.447131   124 HBProcessor.cpp:33] Receive heartbeat from "nebula-storaged0":9779, role = STORAGE
I20260817 15:05:09.337886   124 HBProcessor.cpp:33] Receive heartbeat from "nebula-graphd":9669, role = GRAPH
I20260817 15:05:16.458022   124 HBProcessor.cpp:33] Receive heartbeat from "nebula-storaged0":9779, role = STORAGE
I20260817 15:05:19.339195   124 HBProcessor.cpp:33] Receive heartbeat from "nebula-graphd":9669, role = GRAPH
I20260817 15:05:26.463737   124 HBProcessor.cpp:33] Receive heartbeat from "nebula-storaged0":9779, role = STORAGE
I20260817 15:05:29.351148   124 HBProcessor.cpp:33] Receive heartbeat from "nebula-graphd":9669, role = GRAPH
I20260817 15:05:36.466682   124 HBProcessor.cpp:33] Receive heartbeat from "nebula-storaged0":9779, role = STORAGE
I20260817 15:05:39.355217   124 HBProcessor.cpp:33] Receive heartbeat from "nebula-graphd":9669, role = GRAPH
I20260817 15:05:46.476593   124 HBProcessor.cpp:33] Receive heartbeat from "nebula-storaged0":9779, role = STORAGE
I20260817 15:05:49.359069   124 HBProcessor.cpp:33] Receive heartbeat from "nebula-graphd":9669, role = GRAPH
I20260817 15:05:56.485925   124 HBProcessor.cpp:33] Receive heartbeat from "nebula-storaged0":9779, role = STORAGE
I20260817 15:05:59.370946   124 HBProcessor.cpp:33] Receive heartbeat from "nebula-graphd":9669, role = GRAPH
I20260817 15:06:06.498430   124 HBProcessor.cpp:33] Receive heartbeat from "nebula-storaged0":9779, role = STORAGE
I20260817 15:06:09.385085   124 HBProcessor.cpp:33] Receive heartbeat from "nebula-graphd":9669, role = GRAPH
I20260817 15:06:16.512185   124 HBProcessor.cpp:33] Receive heartbeat from "nebula-storaged0":9779, role = STORAGE
I20260817 15:06:19.395407   124 HBProcessor.cpp:33] Receive heartbeat from "nebula-graphd":9669, role = GRAPH
I20260817 15:06:26.517527   124 HBProcessor.cpp:33] Receive heartbeat from "nebula-storaged0":9779, role = STORAGE
I20260817 15:06:29.407543   124 HBProcessor.cpp:33] Receive heartbeat from "nebula-graphd":9669, role = GRAPH
I20260817 15:06:36.530331   124 HBProcessor.cpp:33] Receive heartbeat from "nebula-storaged0":9779, role = STORAGE
I20260817 15:06:39.410878   124 HBProcessor.cpp:33] Receive heartbeat from "nebula-graphd":9669, role = GRAPH
I20260817 15:06:46.541038   124 HBProcessor.cpp:33] Receive heartbeat from "nebula-storaged0":9779, role = STORAGE
I20260817 15:06:49.421309   124 HBProcessor.cpp:33] Receive heartbeat from "nebula-graphd":9669, role = GRAPH
I20260817 15:06:56.554731   124 HBProcessor.cpp:33] Receive heartbeat from "nebula-storaged0":9779, role = STORAGE
I20260817 15:06:59.433123   124 HBProcessor.cpp:33] Receive heartbeat from "nebula-graphd":9669, role = GRAPH
I20260817 15:07:06.566891   124 HBProcessor.cpp:33] Receive heartbeat from "nebula-storaged0":9779, role = STORAGE
I20260817 15:07:09.436268   124 HBProcessor.cpp:33] Receive heartbeat from "nebula-graphd":9669, role = GRAPH
I20260817 15:07:16.575448   124 HBProcessor.cpp:33] Receive heartbeat from "nebula-storaged0":9779, role = STORAGE
I20260817 15:07:19.444837   124 HBProcessor.cpp:33] Receive heartbeat from "nebula-graphd":9669, role = GRAPH
I20260817 15:07:26.587410   124 HBProcessor.cpp:33] Receive heartbeat from "nebula-storaged0":9779, role = STORAGE
I20260817 15:07:29.456907   124 HBProcessor.cpp:33] Receive heartbeat from "nebula-graphd":9669, role = GRAPH
I20260817 15:07:36.599457   124 HBProcessor.cpp:33] Receive heartbeat from "nebula-storaged0":9779, role = STORAGE
I20260817 15:07:39.469158   124 HBProcessor.cpp:33] Receive heartbeat from "nebula-graphd":9669, role = GRAPH
I20260817 15:07:46.611270   124 HBProcessor.cpp:33] Receive heartbeat from "nebula-storaged0":9779, role = STORAGE
I20260817 15:07:49.472723   124 HBProcessor.cpp:33] Receive heartbeat from "nebula-graphd":9669, role = GRAPH
I20260817 15:07:56.623796   124 HBProcessor.cpp:33] Receive heartbeat from "nebula-storaged0":9779, role = STORAGE
I20260817 15:07:59.482718   124 HBProcessor.cpp:33] Receive heartbeat from "nebula-graphd":9669, role = GRAPH
I20260817 15:08:06.636255   124 HBProcessor.cpp:33] Receive heartbeat from "nebula-storaged0":9779, role = STORAGE
I20260817 15:08:09.494450   124 HBProcessor.cpp:33] Receive heartbeat from "nebula-graphd":9669, role = GRAPH
I20260817 15:08:16.646397   124 HBProcessor.cpp:33] Receive heartbeat from "nebula-storaged0":9779, role = STORAGE
I20260817 15:08:19.504311   124 HBProcessor.cpp:33] Receive heartbeat from "nebula-graphd":9669, role = GRAPH
I20260817 15:08:26.655432   124 HBProcessor.cpp:33] Receive heartbeat from "nebula-storaged0":9779, role = STORAGE
I20260817 15:08:29.516793   124 HBProcessor.cpp:33] Receive heartbeat from "nebula-graphd":9669, role = GRAPH
I20260817 15:08:36.667305   124 HBProcessor.cpp:33] Receive heartbeat from "nebula-storaged0":9779, role = STORAGE
I20260817 15:08:39.528187   124 HBProcessor.cpp:33] Receive heartbeat from "nebula-graphd":9669, role = GRAPH
I20260817 15:08:46.677820   124 HBProcessor.cpp:33] Receive heartbeat from "nebula-storaged0":9779, role = STORAGE
I20260817 15:08:49.538940   124 HBProcessor.cpp:33] Receive heartbeat from "nebula-graphd":9669, role = GRAPH
I20260817 15:08:55.527491     1 MetaDaemon.cpp:230] Signal 15(Terminated) received, stopping this server
I20260817 15:08:55.595137     1 JobManager.cpp:138] JobManager::shutDown() begin
I20260817 15:08:55.601951   103 JobManager.cpp:155] Detect shutdown called, exit
I20260817 15:08:55.604211   103 JobDescription.cpp:113] Loading job description failed, error: E_JOB_NOT_IN_SPACE
I20260817 15:08:55.610426   103 JobManager.cpp:175] Load an invalid job from space 0 jodId 0
I20260817 15:08:55.611920     1 JobManager.cpp:146] JobManager::shutDown() end
I20260817 15:08:55.612703     1 NebulaStore.cpp:343] Stop the raft service...
I20260817 15:08:55.613260     1 RaftexService.cpp:67] Stopping the raftex service on port 9560
I20260817 15:08:55.613822     1 RaftexService.cpp:77] All partitions have stopped
I20260817 15:08:55.614514     1 NebulaStore.cpp:346] Stop kv engine...
I20260817 15:08:55.615892     1 NebulaStore.cpp:343] Stop the raft service...
I20260817 15:08:55.616559     1 RaftexService.cpp:67] Stopping the raftex service on port 9560
I20260817 15:08:55.617250     1 RaftexService.cpp:77] All partitions have stopped
I20260817 15:08:55.617877     1 NebulaStore.cpp:346] Stop kv engine...
I20260817 15:08:55.618378     1 NebulaStore.cpp:36] Cut off the relationship with meta client
I20260817 15:08:55.634657     1 Part.h:59] [Port: 9560, Space: 0, Part: 0] ~Part()
I20260817 15:08:55.665077     1 RocksEngine.h:247] Release rocksdb on /data/meta/nebula/0
I20260817 15:08:55.714979     1 NebulaStore.cpp:44] ~NebulaStore()
I20260817 15:08:55.722713     1 MetaDaemon.cpp:215] The meta Daemon stopped
I20260817 15:08:55.726748     1 JobManager.cpp:138] JobManager::shutDown() begin
I20260817 15:08:55.728495     1 JobManager.cpp:141] JobManager not running, exit
I20260817 15:09:15.395475     1 MetaDaemon.cpp:137] localhost = "nebula-metad0":9559
I20260817 15:09:15.417155     1 NebulaStore.cpp:48] Start the raft service...
I20260817 15:09:15.420373     1 NebulaSnapshotManager.cpp:25] Send snapshot is rate limited to 10485760 for each part by default
I20260817 15:09:15.501345     1 RaftexService.cpp:46] Start raft service on 9560
I20260817 15:09:15.504915     1 NebulaStore.cpp:82] Scan the local path, and init the spaces_
I20260817 15:09:15.509907     1 NebulaStore.cpp:90] Scan path "/data/meta/nebula/0"
I20260817 15:09:15.510360     1 NebulaStore.cpp:292] Init data from partManager for "nebula-metad0":9559
I20260817 15:09:15.510874     1 NebulaStore.cpp:417] Create data space 0
I20260817 15:09:15.787398    75 EventListener.h:21] Rocksdb start compaction column family: default because of LevelL0FilesNum, status: OK, compacted 4 files into 0, base level is 0, output level is 1
I20260817 15:09:15.791263    74 RocksEngine.cpp:107] open rocksdb on /data/meta/nebula/0/data
I20260817 15:09:15.811648    75 EventListener.h:35] Rocksdb compaction completed column family: default because of LevelL0FilesNum, status: OK, compacted 4 files into 1, base level is 0, output level is 1
I20260817 15:09:19.739907     1 NebulaStore.cpp:480] Space 0, part 0 has been added, asLearner 0
I20260817 15:09:19.740481     1 NebulaStore.cpp:75] Register handler...
I20260817 15:09:19.740952     1 MetaDaemonInit.cpp:106] Waiting for the leader elected...
I20260817 15:09:19.741513     1 MetaDaemonInit.cpp:118] Leader has not been elected, sleep 1s
I20260817 15:09:20.742108     1 MetaDaemonInit.cpp:153] Get meta version is 4
I20260817 15:09:20.743005     1 MetaDaemonInit.cpp:169] Nebula store init succeeded, clusterId 2557737320329270911
I20260817 15:09:20.743682     1 MetaDaemon.cpp:150] Start http service
I20260817 15:09:20.744735     1 MetaDaemonInit.cpp:226] Starting Meta HTTP Service
I20260817 15:09:20.749969   104 WebService.cpp:124] Web service started on HTTP[19559]
I20260817 15:09:20.750530     1 MetaDaemonInit.cpp:192] Check root user
I20260817 15:09:20.751205     1 RootUserMan.h:35] God user exists
I20260817 15:09:20.754729     1 MetaDaemon.cpp:193] The meta daemon start on "nebula-metad0":9559
I20260817 15:09:20.755530     1 JobManager.cpp:64] JobManager initialized
I20260817 15:09:20.755563   110 JobManager.cpp:150] JobManager::scheduleThread enter
I20260817 15:09:21.486763   132 HBProcessor.cpp:33] Receive heartbeat from "nebula-storaged0":9779, role = STORAGE
I20260817 15:09:21.487601   132 HBProcessor.cpp:52] Set clusterId for new host "nebula-storaged0":9779!
I20260817 15:09:21.488226   132 HBProcessor.cpp:89] Update host "nebula-storaged0":9779 dir info, root path: /usr/local/nebula, data path size: 1
I20260817 15:09:21.513970   132 SessionManagerProcessor.cpp:155] resp session size: 0
I20260817 15:09:24.567799   132 HBProcessor.cpp:33] Receive heartbeat from "nebula-graphd":9669, role = GRAPH
I20260817 15:09:24.568660   132 HBProcessor.cpp:89] Update host "nebula-graphd":9669 dir info, root path: /usr/local/nebula, data path size: 0
I20260817 15:09:24.614506   132 SessionManagerProcessor.cpp:155] resp session size: 0
I20260817 15:09:24.634776   132 SessionManagerProcessor.cpp:155] resp session size: 0
E20260817 15:09:30.517109   132 AddHostsProcessor.cpp:72] The host "nebula-storaged0":9779 have existed!
I20260817 15:09:32.294299   132 HBProcessor.cpp:33] Receive heartbeat from "nebula-storaged0":9779, role = STORAGE
I20260817 15:09:34.992576   132 HBProcessor.cpp:33] Receive heartbeat from "nebula-graphd":9669, role = GRAPH
I20260817 15:09:42.306885   132 HBProcessor.cpp:33] Receive heartbeat from "nebula-storaged0":9779, role = STORAGE
I20260817 15:09:45.003219   132 HBProcessor.cpp:33] Receive heartbeat from "nebula-graphd":9669, role = GRAPH
I20260817 15:09:52.323760   132 HBProcessor.cpp:33] Receive heartbeat from "nebula-storaged0":9779, role = STORAGE
I20260817 15:09:55.015113   132 HBProcessor.cpp:33] Receive heartbeat from "nebula-graphd":9669, role = GRAPH
I20260817 15:10:02.332262   132 HBProcessor.cpp:33] Receive heartbeat from "nebula-storaged0":9779, role = STORAGE
I20260817 15:10:05.026662   132 HBProcessor.cpp:33] Receive heartbeat from "nebula-graphd":9669, role = GRAPH
I20260817 15:10:12.345360   132 HBProcessor.cpp:33] Receive heartbeat from "nebula-storaged0":9779, role = STORAGE
I20260817 15:10:15.036698   132 HBProcessor.cpp:33] Receive heartbeat from "nebula-graphd":9669, role = GRAPH
I20260817 15:10:22.360515   132 HBProcessor.cpp:33] Receive heartbeat from "nebula-storaged0":9779, role = STORAGE
I20260817 15:10:25.048624   132 HBProcessor.cpp:33] Receive heartbeat from "nebula-graphd":9669, role = GRAPH
I20260817 15:10:32.372270   132 HBProcessor.cpp:33] Receive heartbeat from "nebula-storaged0":9779, role = STORAGE
I20260817 15:10:35.060487   132 HBProcessor.cpp:33] Receive heartbeat from "nebula-graphd":9669, role = GRAPH
I20260817 15:10:42.382786   132 HBProcessor.cpp:33] Receive heartbeat from "nebula-storaged0":9779, role = STORAGE
I20260817 15:10:45.070850   132 HBProcessor.cpp:33] Receive heartbeat from "nebula-graphd":9669, role = GRAPH
I20260817 15:10:52.395643   132 HBProcessor.cpp:33] Receive heartbeat from "nebula-storaged0":9779, role = STORAGE
I20260817 15:10:55.079849   132 HBProcessor.cpp:33] Receive heartbeat from "nebula-graphd":9669, role = GRAPH
I20260817 15:11:02.403833   132 HBProcessor.cpp:33] Receive heartbeat from "nebula-storaged0":9779, role = STORAGE
I20260817 15:11:05.091532   132 HBProcessor.cpp:33] Receive heartbeat from "nebula-graphd":9669, role = GRAPH
I20260817 15:11:12.409904   132 HBProcessor.cpp:33] Receive heartbeat from "nebula-storaged0":9779, role = STORAGE
I20260817 15:11:15.101300   132 HBProcessor.cpp:33] Receive heartbeat from "nebula-graphd":9669, role = GRAPH
I20260817 15:11:22.421725   132 HBProcessor.cpp:33] Receive heartbeat from "nebula-storaged0":9779, role = STORAGE
I20260817 15:11:25.109764   132 HBProcessor.cpp:33] Receive heartbeat from "nebula-graphd":9669, role = GRAPH
I20260817 15:11:32.425758   132 HBProcessor.cpp:33] Receive heartbeat from "nebula-storaged0":9779, role = STORAGE
I20260817 15:11:35.119310   132 HBProcessor.cpp:33] Receive heartbeat from "nebula-graphd":9669, role = GRAPH
I20260817 15:11:42.436254   132 HBProcessor.cpp:33] Receive heartbeat from "nebula-storaged0":9779, role = STORAGE
I20260817 15:11:45.129860   132 HBProcessor.cpp:33] Receive heartbeat from "nebula-graphd":9669, role = GRAPH
I20260817 15:11:52.448179   132 HBProcessor.cpp:33] Receive heartbeat from "nebula-storaged0":9779, role = STORAGE
I20260817 15:11:55.141793   132 HBProcessor.cpp:33] Receive heartbeat from "nebula-graphd":9669, role = GRAPH
I20260817 15:12:02.452289   132 HBProcessor.cpp:33] Receive heartbeat from "nebula-storaged0":9779, role = STORAGE
I20260817 15:12:05.153493   132 HBProcessor.cpp:33] Receive heartbeat from "nebula-graphd":9669, role = GRAPH
I20260817 15:12:12.454891   132 HBProcessor.cpp:33] Receive heartbeat from "nebula-storaged0":9779, role = STORAGE
I20260817 15:12:15.162284   132 HBProcessor.cpp:33] Receive heartbeat from "nebula-graphd":9669, role = GRAPH
I20260817 15:12:22.466713   132 HBProcessor.cpp:33] Receive heartbeat from "nebula-storaged0":9779, role = STORAGE
I20260817 15:12:25.167696   132 HBProcessor.cpp:33] Receive heartbeat from "nebula-graphd":9669, role = GRAPH
I20260817 15:12:32.478229   132 HBProcessor.cpp:33] Receive heartbeat from "nebula-storaged0":9779, role = STORAGE
I20260817 15:12:35.179545   132 HBProcessor.cpp:33] Receive heartbeat from "nebula-graphd":9669, role = GRAPH
I20260817 15:12:42.486790   132 HBProcessor.cpp:33] Receive heartbeat from "nebula-storaged0":9779, role = STORAGE
I20260817 15:12:45.184801   132 HBProcessor.cpp:33] Receive heartbeat from "nebula-graphd":9669, role = GRAPH
I20260817 15:12:52.491852   132 HBProcessor.cpp:33] Receive heartbeat from "nebula-storaged0":9779, role = STORAGE
I20260817 15:12:55.196527   132 HBProcessor.cpp:33] Receive heartbeat from "nebula-graphd":9669, role = GRAPH
I20260817 15:13:02.498828   132 HBProcessor.cpp:33] Receive heartbeat from "nebula-storaged0":9779, role = STORAGE
I20260817 15:13:05.207697   132 HBProcessor.cpp:33] Receive heartbeat from "nebula-graphd":9669, role = GRAPH
I20260817 15:13:12.510778   132 HBProcessor.cpp:33] Receive heartbeat from "nebula-storaged0":9779, role = STORAGE
I20260817 15:13:15.218128   132 HBProcessor.cpp:33] Receive heartbeat from "nebula-graphd":9669, role = GRAPH
I20260817 15:13:22.517765   132 HBProcessor.cpp:33] Receive heartbeat from "nebula-storaged0":9779, role = STORAGE
I20260817 15:13:25.229960   132 HBProcessor.cpp:33] Receive heartbeat from "nebula-graphd":9669, role = GRAPH
I20260817 15:13:31.398787     1 MetaDaemon.cpp:230] Signal 15(Terminated) received, stopping this server
I20260817 15:13:31.438746     1 JobManager.cpp:138] JobManager::shutDown() begin
I20260817 15:13:31.439761   110 JobManager.cpp:155] Detect shutdown called, exit
I20260817 15:13:31.441573   110 JobDescription.cpp:113] Loading job description failed, error: E_JOB_NOT_IN_SPACE
I20260817 15:13:31.442631   110 JobManager.cpp:175] Load an invalid job from space 0 jodId 0
I20260817 15:13:31.443749     1 JobManager.cpp:146] JobManager::shutDown() end
I20260817 15:13:31.445452     1 NebulaStore.cpp:343] Stop the raft service...
I20260817 15:13:31.446096     1 RaftexService.cpp:67] Stopping the raftex service on port 9560
I20260817 15:13:31.446816     1 RaftexService.cpp:77] All partitions have stopped
I20260817 15:13:31.447588     1 NebulaStore.cpp:346] Stop kv engine...
I20260817 15:13:31.449100     1 NebulaStore.cpp:343] Stop the raft service...
I20260817 15:13:31.453349     1 RaftexService.cpp:67] Stopping the raftex service on port 9560
I20260817 15:13:31.454313     1 RaftexService.cpp:77] All partitions have stopped
I20260817 15:13:31.455945     1 NebulaStore.cpp:346] Stop kv engine...
I20260817 15:13:31.457129     1 NebulaStore.cpp:36] Cut off the relationship with meta client
I20260817 15:13:31.459772     1 Part.h:59] [Port: 9560, Space: 0, Part: 0] ~Part()
I20260817 15:13:31.465533     1 RocksEngine.h:247] Release rocksdb on /data/meta/nebula/0
I20260817 15:13:31.475189     1 NebulaStore.cpp:44] ~NebulaStore()
I20260817 15:13:31.475857     1 MetaDaemon.cpp:215] The meta Daemon stopped
I20260817 15:13:31.479074     1 JobManager.cpp:138] JobManager::shutDown() begin
I20260817 15:13:31.479948     1 JobManager.cpp:141] JobManager not running, exit
I20260817 15:13:49.461270     1 MetaDaemon.cpp:137] localhost = "nebula-metad0":9559
I20260817 15:13:49.484426     1 NebulaStore.cpp:48] Start the raft service...
I20260817 15:13:49.489055     1 NebulaSnapshotManager.cpp:25] Send snapshot is rate limited to 10485760 for each part by default
I20260817 15:13:49.585532     1 RaftexService.cpp:46] Start raft service on 9560
I20260817 15:13:49.592372     1 NebulaStore.cpp:82] Scan the local path, and init the spaces_
I20260817 15:13:49.598304     1 NebulaStore.cpp:90] Scan path "/data/meta/nebula/0"
I20260817 15:13:49.599287     1 NebulaStore.cpp:292] Init data from partManager for "nebula-metad0":9559
I20260817 15:13:49.599753     1 NebulaStore.cpp:417] Create data space 0
I20260817 15:13:50.211115    74 RocksEngine.cpp:107] open rocksdb on /data/meta/nebula/0/data
I20260817 15:13:54.912503     1 NebulaStore.cpp:480] Space 0, part 0 has been added, asLearner 0
I20260817 15:13:54.913076     1 NebulaStore.cpp:75] Register handler...
I20260817 15:13:54.913552     1 MetaDaemonInit.cpp:106] Waiting for the leader elected...
I20260817 15:13:54.914021     1 MetaDaemonInit.cpp:118] Leader has not been elected, sleep 1s
I20260817 15:13:55.914644     1 MetaDaemonInit.cpp:153] Get meta version is 4
I20260817 15:13:55.915611     1 MetaDaemonInit.cpp:169] Nebula store init succeeded, clusterId 2557737320329270911
I20260817 15:13:55.916260     1 MetaDaemon.cpp:150] Start http service
I20260817 15:13:55.917451     1 MetaDaemonInit.cpp:226] Starting Meta HTTP Service
I20260817 15:13:55.922420   104 WebService.cpp:124] Web service started on HTTP[19559]
I20260817 15:13:55.923035     1 MetaDaemonInit.cpp:192] Check root user
I20260817 15:13:55.923601     1 RootUserMan.h:35] God user exists
I20260817 15:13:55.927155     1 MetaDaemon.cpp:193] The meta daemon start on "nebula-metad0":9559
I20260817 15:13:55.928274     1 JobManager.cpp:64] JobManager initialized
I20260817 15:13:55.928293   110 JobManager.cpp:150] JobManager::scheduleThread enter
I20260817 15:13:56.913619   132 HBProcessor.cpp:33] Receive heartbeat from "nebula-storaged0":9779, role = STORAGE
I20260817 15:13:56.917223   132 HBProcessor.cpp:52] Set clusterId for new host "nebula-storaged0":9779!
I20260817 15:13:56.918238   132 HBProcessor.cpp:89] Update host "nebula-storaged0":9779 dir info, root path: /usr/local/nebula, data path size: 1
I20260817 15:13:56.941715   132 SessionManagerProcessor.cpp:155] resp session size: 0
I20260817 15:13:59.253202   132 HBProcessor.cpp:33] Receive heartbeat from "nebula-graphd":9669, role = GRAPH
I20260817 15:13:59.253856   132 HBProcessor.cpp:89] Update host "nebula-graphd":9669 dir info, root path: /usr/local/nebula, data path size: 0
I20260817 15:13:59.294808   132 SessionManagerProcessor.cpp:155] resp session size: 0
I20260817 15:13:59.315611   132 SessionManagerProcessor.cpp:155] resp session size: 0
E20260817 15:14:04.655055   132 AddHostsProcessor.cpp:72] The host "nebula-storaged0":9779 have existed!
I20260817 15:14:07.575177   132 HBProcessor.cpp:33] Receive heartbeat from "nebula-storaged0":9779, role = STORAGE
I20260817 15:14:09.407358   132 HBProcessor.cpp:33] Receive heartbeat from "nebula-graphd":9669, role = GRAPH
I20260817 15:14:17.584813   132 HBProcessor.cpp:33] Receive heartbeat from "nebula-storaged0":9779, role = STORAGE
I20260817 15:14:19.418704   132 HBProcessor.cpp:33] Receive heartbeat from "nebula-graphd":9669, role = GRAPH
I20260817 15:14:27.592686   132 HBProcessor.cpp:33] Receive heartbeat from "nebula-storaged0":9779, role = STORAGE
I20260817 15:14:29.437443   132 HBProcessor.cpp:33] Receive heartbeat from "nebula-graphd":9669, role = GRAPH
I20260817 15:14:37.601287   132 HBProcessor.cpp:33] Receive heartbeat from "nebula-storaged0":9779, role = STORAGE
I20260817 15:14:39.443863   132 HBProcessor.cpp:33] Receive heartbeat from "nebula-graphd":9669, role = GRAPH
I20260817 15:14:47.610893   132 HBProcessor.cpp:33] Receive heartbeat from "nebula-storaged0":9779, role = STORAGE
I20260817 15:14:49.451138   132 HBProcessor.cpp:33] Receive heartbeat from "nebula-graphd":9669, role = GRAPH
I20260817 15:14:57.623023   132 HBProcessor.cpp:33] Receive heartbeat from "nebula-storaged0":9779, role = STORAGE
I20260817 15:14:59.459795   132 HBProcessor.cpp:33] Receive heartbeat from "nebula-graphd":9669, role = GRAPH
I20260817 15:15:07.629537   132 HBProcessor.cpp:33] Receive heartbeat from "nebula-storaged0":9779, role = STORAGE
I20260817 15:15:09.466028   132 HBProcessor.cpp:33] Receive heartbeat from "nebula-graphd":9669, role = GRAPH
I20260817 15:15:17.631515   132 HBProcessor.cpp:33] Receive heartbeat from "nebula-storaged0":9779, role = STORAGE
I20260817 15:15:19.476760   132 HBProcessor.cpp:33] Receive heartbeat from "nebula-graphd":9669, role = GRAPH
I20260817 15:15:27.634043   132 HBProcessor.cpp:33] Receive heartbeat from "nebula-storaged0":9779, role = STORAGE
I20260817 15:15:29.485105   132 HBProcessor.cpp:33] Receive heartbeat from "nebula-graphd":9669, role = GRAPH
I20260817 15:15:37.636423   132 HBProcessor.cpp:33] Receive heartbeat from "nebula-storaged0":9779, role = STORAGE
I20260817 15:15:39.496825   132 HBProcessor.cpp:33] Receive heartbeat from "nebula-graphd":9669, role = GRAPH
I20260817 15:15:47.639413   132 HBProcessor.cpp:33] Receive heartbeat from "nebula-storaged0":9779, role = STORAGE
I20260817 15:15:49.499779   132 HBProcessor.cpp:33] Receive heartbeat from "nebula-graphd":9669, role = GRAPH
I20260817 15:15:57.645669   132 HBProcessor.cpp:33] Receive heartbeat from "nebula-storaged0":9779, role = STORAGE
I20260817 15:15:59.516088   132 HBProcessor.cpp:33] Receive heartbeat from "nebula-graphd":9669, role = GRAPH
I20260817 15:16:07.655164   132 HBProcessor.cpp:33] Receive heartbeat from "nebula-storaged0":9779, role = STORAGE
I20260817 15:16:09.526425   132 HBProcessor.cpp:33] Receive heartbeat from "nebula-graphd":9669, role = GRAPH
I20260817 15:16:17.659410   132 HBProcessor.cpp:33] Receive heartbeat from "nebula-storaged0":9779, role = STORAGE
I20260817 15:16:19.532990   132 HBProcessor.cpp:33] Receive heartbeat from "nebula-graphd":9669, role = GRAPH
I20260817 15:16:27.671288   132 HBProcessor.cpp:33] Receive heartbeat from "nebula-storaged0":9779, role = STORAGE
I20260817 15:16:29.542744   132 HBProcessor.cpp:33] Receive heartbeat from "nebula-graphd":9669, role = GRAPH
I20260817 15:16:37.683223   132 HBProcessor.cpp:33] Receive heartbeat from "nebula-storaged0":9779, role = STORAGE
I20260817 15:16:39.551959   132 HBProcessor.cpp:33] Receive heartbeat from "nebula-graphd":9669, role = GRAPH
I20260817 15:16:47.683754   132 HBProcessor.cpp:33] Receive heartbeat from "nebula-storaged0":9779, role = STORAGE
I20260817 15:16:49.558890   132 HBProcessor.cpp:33] Receive heartbeat from "nebula-graphd":9669, role = GRAPH
I20260817 15:16:57.694917   132 HBProcessor.cpp:33] Receive heartbeat from "nebula-storaged0":9779, role = STORAGE
I20260817 15:16:59.571727   132 HBProcessor.cpp:33] Receive heartbeat from "nebula-graphd":9669, role = GRAPH
I20260817 15:17:07.705663   132 HBProcessor.cpp:33] Receive heartbeat from "nebula-storaged0":9779, role = STORAGE
I20260817 15:17:09.582405   132 HBProcessor.cpp:33] Receive heartbeat from "nebula-graphd":9669, role = GRAPH
I20260817 15:17:17.716198   132 HBProcessor.cpp:33] Receive heartbeat from "nebula-storaged0":9779, role = STORAGE
I20260817 15:17:19.585500   132 HBProcessor.cpp:33] Receive heartbeat from "nebula-graphd":9669, role = GRAPH
I20260817 15:17:27.728145   132 HBProcessor.cpp:33] Receive heartbeat from "nebula-storaged0":9779, role = STORAGE
I20260817 15:17:29.591631   132 HBProcessor.cpp:33] Receive heartbeat from "nebula-graphd":9669, role = GRAPH
I20260817 15:17:37.738517   132 HBProcessor.cpp:33] Receive heartbeat from "nebula-storaged0":9779, role = STORAGE
I20260817 15:17:39.600539   132 HBProcessor.cpp:33] Receive heartbeat from "nebula-graphd":9669, role = GRAPH
I20260817 15:17:47.748787   132 HBProcessor.cpp:33] Receive heartbeat from "nebula-storaged0":9779, role = STORAGE
I20260817 15:17:49.611182   132 HBProcessor.cpp:33] Receive heartbeat from "nebula-graphd":9669, role = GRAPH
I20260817 15:17:57.760648   132 HBProcessor.cpp:33] Receive heartbeat from "nebula-storaged0":9779, role = STORAGE
I20260817 15:17:59.620893   132 HBProcessor.cpp:33] Receive heartbeat from "nebula-graphd":9669, role = GRAPH
I20260817 15:18:07.769663   132 HBProcessor.cpp:33] Receive heartbeat from "nebula-storaged0":9779, role = STORAGE
I20260817 15:18:09.632867   132 HBProcessor.cpp:33] Receive heartbeat from "nebula-graphd":9669, role = GRAPH
I20260817 15:18:17.777899   132 HBProcessor.cpp:33] Receive heartbeat from "nebula-storaged0":9779, role = STORAGE
I20260817 15:18:19.643215   132 HBProcessor.cpp:33] Receive heartbeat from "nebula-graphd":9669, role = GRAPH
I20260817 15:18:27.789415   132 HBProcessor.cpp:33] Receive heartbeat from "nebula-storaged0":9779, role = STORAGE
I20260817 15:18:29.662748   132 HBProcessor.cpp:33] Receive heartbeat from "nebula-graphd":9669, role = GRAPH
I20260817 15:18:33.350852     1 MetaDaemon.cpp:230] Signal 15(Terminated) received, stopping this server
I20260817 15:18:33.383324     1 JobManager.cpp:138] JobManager::shutDown() begin
I20260817 15:18:33.418340   110 JobManager.cpp:155] Detect shutdown called, exit
I20260817 15:18:33.421464   110 JobDescription.cpp:113] Loading job description failed, error: E_JOB_NOT_IN_SPACE
I20260817 15:18:33.422224   110 JobManager.cpp:175] Load an invalid job from space 0 jodId 0
I20260817 15:18:33.423018     1 JobManager.cpp:146] JobManager::shutDown() end
I20260817 15:18:33.423735     1 NebulaStore.cpp:343] Stop the raft service...
I20260817 15:18:33.424379     1 RaftexService.cpp:67] Stopping the raftex service on port 9560
I20260817 15:18:33.424937     1 RaftexService.cpp:77] All partitions have stopped
I20260817 15:18:33.425489     1 NebulaStore.cpp:346] Stop kv engine...
I20260817 15:18:33.426596     1 NebulaStore.cpp:343] Stop the raft service...
I20260817 15:18:33.429715     1 RaftexService.cpp:67] Stopping the raftex service on port 9560
I20260817 15:18:33.430503     1 RaftexService.cpp:77] All partitions have stopped
I20260817 15:18:33.435777     1 NebulaStore.cpp:346] Stop kv engine...
I20260817 15:18:33.436655     1 NebulaStore.cpp:36] Cut off the relationship with meta client
I20260817 15:18:33.438372     1 Part.h:59] [Port: 9560, Space: 0, Part: 0] ~Part()
I20260817 15:18:33.444451     1 RocksEngine.h:247] Release rocksdb on /data/meta/nebula/0
I20260817 15:18:33.459955     1 NebulaStore.cpp:44] ~NebulaStore()
I20260817 15:18:33.460742     1 MetaDaemon.cpp:215] The meta Daemon stopped
I20260817 15:18:33.464890     1 JobManager.cpp:138] JobManager::shutDown() begin
I20260817 15:18:33.465605     1 JobManager.cpp:141] JobManager not running, exit
I20260817 15:18:47.780385     1 MetaDaemon.cpp:137] localhost = "nebula-metad0":9559
I20260817 15:18:47.794750     1 NebulaStore.cpp:48] Start the raft service...
I20260817 15:18:47.796672     1 NebulaSnapshotManager.cpp:25] Send snapshot is rate limited to 10485760 for each part by default
I20260817 15:18:47.884054     1 RaftexService.cpp:46] Start raft service on 9560
I20260817 15:18:47.887934     1 NebulaStore.cpp:82] Scan the local path, and init the spaces_
I20260817 15:18:47.892920     1 NebulaStore.cpp:90] Scan path "/data/meta/nebula/0"
I20260817 15:18:47.895913     1 NebulaStore.cpp:292] Init data from partManager for "nebula-metad0":9559
I20260817 15:18:47.896490     1 NebulaStore.cpp:417] Create data space 0
I20260817 15:18:48.045049    74 RocksEngine.cpp:107] open rocksdb on /data/meta/nebula/0/data
I20260817 15:18:51.327657     1 NebulaStore.cpp:480] Space 0, part 0 has been added, asLearner 0
I20260817 15:18:51.328263     1 NebulaStore.cpp:75] Register handler...
I20260817 15:18:51.328796     1 MetaDaemonInit.cpp:106] Waiting for the leader elected...
I20260817 15:18:51.329290     1 MetaDaemonInit.cpp:118] Leader has not been elected, sleep 1s
I20260817 15:18:52.329963     1 MetaDaemonInit.cpp:153] Get meta version is 4
I20260817 15:18:52.332015     1 MetaDaemonInit.cpp:169] Nebula store init succeeded, clusterId 2557737320329270911
I20260817 15:18:52.336681     1 MetaDaemon.cpp:150] Start http service
I20260817 15:18:52.340691     1 MetaDaemonInit.cpp:226] Starting Meta HTTP Service
I20260817 15:18:52.347153    97 WebService.cpp:124] Web service started on HTTP[19559]
I20260817 15:18:52.348181     1 MetaDaemonInit.cpp:192] Check root user
I20260817 15:18:52.348763     1 RootUserMan.h:35] God user exists
I20260817 15:18:52.353433     1 MetaDaemon.cpp:193] The meta daemon start on "nebula-metad0":9559
I20260817 15:18:52.356199     1 JobManager.cpp:64] JobManager initialized
I20260817 15:18:52.356210   103 JobManager.cpp:150] JobManager::scheduleThread enter
I20260817 15:18:53.210640   125 HBProcessor.cpp:33] Receive heartbeat from "nebula-storaged0":9779, role = STORAGE
I20260817 15:18:53.211551   125 HBProcessor.cpp:52] Set clusterId for new host "nebula-storaged0":9779!
I20260817 15:18:53.212630   125 HBProcessor.cpp:89] Update host "nebula-storaged0":9779 dir info, root path: /usr/local/nebula, data path size: 1
I20260817 15:18:53.237614   125 SessionManagerProcessor.cpp:155] resp session size: 0
I20260817 15:18:58.818413   125 HBProcessor.cpp:33] Receive heartbeat from "nebula-graphd":9669, role = GRAPH
I20260817 15:18:58.819116   125 HBProcessor.cpp:89] Update host "nebula-graphd":9669 dir info, root path: /usr/local/nebula, data path size: 0
I20260817 15:18:58.881086   125 SessionManagerProcessor.cpp:155] resp session size: 0
I20260817 15:18:58.900278   125 SessionManagerProcessor.cpp:155] resp session size: 0
I20260817 15:19:03.928185   125 HBProcessor.cpp:33] Receive heartbeat from "nebula-storaged0":9779, role = STORAGE
E20260817 15:19:04.362856   125 AddHostsProcessor.cpp:72] The host "nebula-storaged0":9779 have existed!
I20260817 15:19:09.591670   125 HBProcessor.cpp:33] Receive heartbeat from "nebula-graphd":9669, role = GRAPH
I20260817 15:19:13.939586   125 HBProcessor.cpp:33] Receive heartbeat from "nebula-storaged0":9779, role = STORAGE
I20260817 15:19:19.609650   125 HBProcessor.cpp:33] Receive heartbeat from "nebula-graphd":9669, role = GRAPH
I20260817 15:19:23.955000   125 HBProcessor.cpp:33] Receive heartbeat from "nebula-storaged0":9779, role = STORAGE
I20260817 15:19:29.613546   125 HBProcessor.cpp:33] Receive heartbeat from "nebula-graphd":9669, role = GRAPH
I20260817 15:19:33.972960   125 HBProcessor.cpp:33] Receive heartbeat from "nebula-storaged0":9779, role = STORAGE
I20260817 15:19:39.625455   125 HBProcessor.cpp:33] Receive heartbeat from "nebula-graphd":9669, role = GRAPH
I20260817 15:19:43.981830   125 HBProcessor.cpp:33] Receive heartbeat from "nebula-storaged0":9779, role = STORAGE
I20260817 15:19:49.636023   125 HBProcessor.cpp:33] Receive heartbeat from "nebula-graphd":9669, role = GRAPH
I20260817 15:19:53.990782   125 HBProcessor.cpp:33] Receive heartbeat from "nebula-storaged0":9779, role = STORAGE
I20260817 15:19:59.651928   125 HBProcessor.cpp:33] Receive heartbeat from "nebula-graphd":9669, role = GRAPH
I20260817 15:20:04.000460   125 HBProcessor.cpp:33] Receive heartbeat from "nebula-storaged0":9779, role = STORAGE
I20260817 15:20:09.663676   125 HBProcessor.cpp:33] Receive heartbeat from "nebula-graphd":9669, role = GRAPH
I20260817 15:20:14.010703   125 HBProcessor.cpp:33] Receive heartbeat from "nebula-storaged0":9779, role = STORAGE
I20260817 15:20:19.673537   125 HBProcessor.cpp:33] Receive heartbeat from "nebula-graphd":9669, role = GRAPH
I20260817 15:20:24.022964   125 HBProcessor.cpp:33] Receive heartbeat from "nebula-storaged0":9779, role = STORAGE
I20260817 15:20:29.682457   125 HBProcessor.cpp:33] Receive heartbeat from "nebula-graphd":9669, role = GRAPH
I20260817 15:20:34.038065   125 HBProcessor.cpp:33] Receive heartbeat from "nebula-storaged0":9779, role = STORAGE
I20260817 15:20:39.694268   125 HBProcessor.cpp:33] Receive heartbeat from "nebula-graphd":9669, role = GRAPH
I20260817 15:20:44.048367   125 HBProcessor.cpp:33] Receive heartbeat from "nebula-storaged0":9779, role = STORAGE
I20260817 15:20:49.704526   125 HBProcessor.cpp:33] Receive heartbeat from "nebula-graphd":9669, role = GRAPH
I20260817 15:20:54.057318   125 HBProcessor.cpp:33] Receive heartbeat from "nebula-storaged0":9779, role = STORAGE
I20260817 15:20:59.712549   125 HBProcessor.cpp:33] Receive heartbeat from "nebula-graphd":9669, role = GRAPH
I20260817 15:21:04.063051   125 HBProcessor.cpp:33] Receive heartbeat from "nebula-storaged0":9779, role = STORAGE
I20260817 15:21:09.724416   125 HBProcessor.cpp:33] Receive heartbeat from "nebula-graphd":9669, role = GRAPH
I20260817 15:21:14.073480   125 HBProcessor.cpp:33] Receive heartbeat from "nebula-storaged0":9779, role = STORAGE
I20260817 15:21:19.735460   125 HBProcessor.cpp:33] Receive heartbeat from "nebula-graphd":9669, role = GRAPH
I20260817 15:21:24.085354   125 HBProcessor.cpp:33] Receive heartbeat from "nebula-storaged0":9779, role = STORAGE
I20260817 15:21:29.747252   125 HBProcessor.cpp:33] Receive heartbeat from "nebula-graphd":9669, role = GRAPH
I20260817 15:21:34.097566   125 HBProcessor.cpp:33] Receive heartbeat from "nebula-storaged0":9779, role = STORAGE
I20260817 15:21:39.762529   125 HBProcessor.cpp:33] Receive heartbeat from "nebula-graphd":9669, role = GRAPH
I20260817 15:21:44.104472   125 HBProcessor.cpp:33] Receive heartbeat from "nebula-storaged0":9779, role = STORAGE
I20260817 15:21:49.772363   125 HBProcessor.cpp:33] Receive heartbeat from "nebula-graphd":9669, role = GRAPH
I20260817 15:21:54.116464   125 HBProcessor.cpp:33] Receive heartbeat from "nebula-storaged0":9779, role = STORAGE
I20260817 15:21:59.780444   125 HBProcessor.cpp:33] Receive heartbeat from "nebula-graphd":9669, role = GRAPH
I20260817 15:22:04.128265   125 HBProcessor.cpp:33] Receive heartbeat from "nebula-storaged0":9779, role = STORAGE
I20260817 15:22:09.792505   125 HBProcessor.cpp:33] Receive heartbeat from "nebula-graphd":9669, role = GRAPH
I20260817 15:22:14.138630   125 HBProcessor.cpp:33] Receive heartbeat from "nebula-storaged0":9779, role = STORAGE
I20260817 15:22:19.802973   125 HBProcessor.cpp:33] Receive heartbeat from "nebula-graphd":9669, role = GRAPH
I20260817 15:22:24.150655   125 HBProcessor.cpp:33] Receive heartbeat from "nebula-storaged0":9779, role = STORAGE
I20260817 15:22:29.814736   125 HBProcessor.cpp:33] Receive heartbeat from "nebula-graphd":9669, role = GRAPH
I20260817 15:22:34.159008   125 HBProcessor.cpp:33] Receive heartbeat from "nebula-storaged0":9779, role = STORAGE
I20260817 15:22:39.826683   125 HBProcessor.cpp:33] Receive heartbeat from "nebula-graphd":9669, role = GRAPH
I20260817 15:22:44.168722   125 HBProcessor.cpp:33] Receive heartbeat from "nebula-storaged0":9779, role = STORAGE
I20260817 15:22:49.835170   125 HBProcessor.cpp:33] Receive heartbeat from "nebula-graphd":9669, role = GRAPH
I20260817 15:22:54.173105   125 HBProcessor.cpp:33] Receive heartbeat from "nebula-storaged0":9779, role = STORAGE
I20260817 15:22:59.847563   125 HBProcessor.cpp:33] Receive heartbeat from "nebula-graphd":9669, role = GRAPH
I20260817 15:23:04.185366   125 HBProcessor.cpp:33] Receive heartbeat from "nebula-storaged0":9779, role = STORAGE
I20260817 15:23:09.857553   125 HBProcessor.cpp:33] Receive heartbeat from "nebula-graphd":9669, role = GRAPH
I20260817 15:23:14.196015   125 HBProcessor.cpp:33] Receive heartbeat from "nebula-storaged0":9779, role = STORAGE
I20260817 15:23:19.867789   125 HBProcessor.cpp:33] Receive heartbeat from "nebula-graphd":9669, role = GRAPH
I20260817 15:23:24.201511   125 HBProcessor.cpp:33] Receive heartbeat from "nebula-storaged0":9779, role = STORAGE
I20260817 15:23:29.880108   125 HBProcessor.cpp:33] Receive heartbeat from "nebula-graphd":9669, role = GRAPH
I20260817 15:23:34.213737   125 HBProcessor.cpp:33] Receive heartbeat from "nebula-storaged0":9779, role = STORAGE
I20260817 15:23:39.888041   125 HBProcessor.cpp:33] Receive heartbeat from "nebula-graphd":9669, role = GRAPH
I20260817 15:23:44.224093   125 HBProcessor.cpp:33] Receive heartbeat from "nebula-storaged0":9779, role = STORAGE
I20260817 15:23:49.898154   125 HBProcessor.cpp:33] Receive heartbeat from "nebula-graphd":9669, role = GRAPH
I20260817 15:23:54.236503   125 HBProcessor.cpp:33] Receive heartbeat from "nebula-storaged0":9779, role = STORAGE
I20260817 15:23:59.910446   125 HBProcessor.cpp:33] Receive heartbeat from "nebula-graphd":9669, role = GRAPH
I20260817 15:24:04.248570   125 HBProcessor.cpp:33] Receive heartbeat from "nebula-storaged0":9779, role = STORAGE
I20260817 15:24:09.923126   125 HBProcessor.cpp:33] Receive heartbeat from "nebula-graphd":9669, role = GRAPH
I20260817 15:24:14.257002   125 HBProcessor.cpp:33] Receive heartbeat from "nebula-storaged0":9779, role = STORAGE
I20260817 15:24:19.933736   125 HBProcessor.cpp:33] Receive heartbeat from "nebula-graphd":9669, role = GRAPH
I20260817 15:24:24.268814   125 HBProcessor.cpp:33] Receive heartbeat from "nebula-storaged0":9779, role = STORAGE
I20260817 15:24:29.940378   125 HBProcessor.cpp:33] Receive heartbeat from "nebula-graphd":9669, role = GRAPH
I20260817 15:24:31.465261     1 MetaDaemon.cpp:230] Signal 15(Terminated) received, stopping this server
I20260817 15:24:31.563388     1 JobManager.cpp:138] JobManager::shutDown() begin
I20260817 15:24:31.575567   103 JobManager.cpp:155] Detect shutdown called, exit
I20260817 15:24:31.592525   103 JobDescription.cpp:113] Loading job description failed, error: E_JOB_NOT_IN_SPACE
I20260817 15:24:31.605875   103 JobManager.cpp:175] Load an invalid job from space 0 jodId 0
I20260817 15:24:31.618885     1 JobManager.cpp:146] JobManager::shutDown() end
I20260817 15:24:31.620002     1 NebulaStore.cpp:343] Stop the raft service...
I20260817 15:24:31.626235     1 RaftexService.cpp:67] Stopping the raftex service on port 9560
I20260817 15:24:31.630417     1 RaftexService.cpp:77] All partitions have stopped
I20260817 15:24:31.637501     1 NebulaStore.cpp:346] Stop kv engine...
I20260817 15:24:31.654846     1 NebulaStore.cpp:343] Stop the raft service...
I20260817 15:24:31.668979     1 RaftexService.cpp:67] Stopping the raftex service on port 9560
I20260817 15:24:31.687716     1 RaftexService.cpp:77] All partitions have stopped
I20260817 15:24:31.688411     1 NebulaStore.cpp:346] Stop kv engine...
I20260817 15:24:31.693595     1 NebulaStore.cpp:36] Cut off the relationship with meta client
I20260817 15:24:31.705991     1 Part.h:59] [Port: 9560, Space: 0, Part: 0] ~Part()
I20260817 15:24:31.728667     1 RocksEngine.h:247] Release rocksdb on /data/meta/nebula/0
I20260817 15:24:31.771080     1 NebulaStore.cpp:44] ~NebulaStore()
I20260817 15:24:31.772135     1 MetaDaemon.cpp:215] The meta Daemon stopped
I20260817 15:24:31.778985     1 JobManager.cpp:138] JobManager::shutDown() begin
I20260817 15:24:31.782964     1 JobManager.cpp:141] JobManager not running, exit
I20260817 15:24:48.612527     1 MetaDaemon.cpp:137] localhost = "nebula-metad0":9559
I20260817 15:24:48.625953     1 NebulaStore.cpp:48] Start the raft service...
I20260817 15:24:48.627825     1 NebulaSnapshotManager.cpp:25] Send snapshot is rate limited to 10485760 for each part by default
I20260817 15:24:48.703397     1 RaftexService.cpp:46] Start raft service on 9560
I20260817 15:24:48.706597     1 NebulaStore.cpp:82] Scan the local path, and init the spaces_
I20260817 15:24:48.709627     1 NebulaStore.cpp:90] Scan path "/data/meta/nebula/0"
I20260817 15:24:48.710119     1 NebulaStore.cpp:292] Init data from partManager for "nebula-metad0":9559
I20260817 15:24:48.710690     1 NebulaStore.cpp:417] Create data space 0
I20260817 15:24:48.851040    74 RocksEngine.cpp:107] open rocksdb on /data/meta/nebula/0/data
I20260817 15:24:52.696791     1 NebulaStore.cpp:480] Space 0, part 0 has been added, asLearner 0
I20260817 15:24:52.697504     1 NebulaStore.cpp:75] Register handler...
I20260817 15:24:52.698077     1 MetaDaemonInit.cpp:106] Waiting for the leader elected...
I20260817 15:24:52.698913     1 MetaDaemonInit.cpp:118] Leader has not been elected, sleep 1s
I20260817 15:24:53.699755     1 MetaDaemonInit.cpp:153] Get meta version is 4
I20260817 15:24:53.702752     1 MetaDaemonInit.cpp:169] Nebula store init succeeded, clusterId 2557737320329270911
I20260817 15:24:53.703614     1 MetaDaemon.cpp:150] Start http service
I20260817 15:24:53.705731     1 MetaDaemonInit.cpp:226] Starting Meta HTTP Service
I20260817 15:24:53.711910   104 WebService.cpp:124] Web service started on HTTP[19559]
I20260817 15:24:53.712684     1 MetaDaemonInit.cpp:192] Check root user
I20260817 15:24:53.713824     1 RootUserMan.h:35] God user exists
I20260817 15:24:53.719580     1 MetaDaemon.cpp:193] The meta daemon start on "nebula-metad0":9559
I20260817 15:24:53.720974     1 JobManager.cpp:64] JobManager initialized
I20260817 15:24:53.720990   110 JobManager.cpp:150] JobManager::scheduleThread enter
I20260817 15:24:53.897742   132 HBProcessor.cpp:33] Receive heartbeat from "nebula-storaged0":9779, role = STORAGE
I20260817 15:24:53.898648   132 HBProcessor.cpp:52] Set clusterId for new host "nebula-storaged0":9779!
I20260817 15:24:53.899194   132 HBProcessor.cpp:89] Update host "nebula-storaged0":9779 dir info, root path: /usr/local/nebula, data path size: 1
I20260817 15:24:53.927971   132 SessionManagerProcessor.cpp:155] resp session size: 1
I20260817 15:24:56.657315   132 HBProcessor.cpp:33] Receive heartbeat from "nebula-graphd":9669, role = GRAPH
I20260817 15:24:56.657811   132 HBProcessor.cpp:89] Update host "nebula-graphd":9669 dir info, root path: /usr/local/nebula, data path size: 0
I20260817 15:24:56.716056   132 SessionManagerProcessor.cpp:155] resp session size: 1
I20260817 15:24:56.731958   132 SessionManagerProcessor.cpp:155] resp session size: 1
E20260817 15:25:02.157394   132 AddHostsProcessor.cpp:72] The host "nebula-storaged0":9779 have existed!
I20260817 15:25:03.993865   132 HBProcessor.cpp:33] Receive heartbeat from "nebula-storaged0":9779, role = STORAGE
I20260817 15:25:07.583359   132 HBProcessor.cpp:33] Receive heartbeat from "nebula-graphd":9669, role = GRAPH
I20260817 15:25:14.005827   132 HBProcessor.cpp:33] Receive heartbeat from "nebula-storaged0":9779, role = STORAGE
I20260817 15:25:17.586995   132 HBProcessor.cpp:33] Receive heartbeat from "nebula-graphd":9669, role = GRAPH
I20260817 15:25:24.019078   132 HBProcessor.cpp:33] Receive heartbeat from "nebula-storaged0":9779, role = STORAGE
I20260817 15:25:27.593065   132 HBProcessor.cpp:33] Receive heartbeat from "nebula-graphd":9669, role = GRAPH
I20260817 15:25:34.026024   132 HBProcessor.cpp:33] Receive heartbeat from "nebula-storaged0":9779, role = STORAGE
I20260817 15:25:37.599661   132 HBProcessor.cpp:33] Receive heartbeat from "nebula-graphd":9669, role = GRAPH
I20260817 15:25:44.037066   132 HBProcessor.cpp:33] Receive heartbeat from "nebula-storaged0":9779, role = STORAGE
I20260817 15:25:47.610116   132 HBProcessor.cpp:33] Receive heartbeat from "nebula-graphd":9669, role = GRAPH
I20260817 15:25:54.050511   132 HBProcessor.cpp:33] Receive heartbeat from "nebula-storaged0":9779, role = STORAGE
I20260817 15:25:57.622143   132 HBProcessor.cpp:33] Receive heartbeat from "nebula-graphd":9669, role = GRAPH
I20260817 15:26:04.059620   132 HBProcessor.cpp:33] Receive heartbeat from "nebula-storaged0":9779, role = STORAGE
I20260817 15:26:07.634281   132 HBProcessor.cpp:33] Receive heartbeat from "nebula-graphd":9669, role = GRAPH
I20260817 15:26:14.066125   132 HBProcessor.cpp:33] Receive heartbeat from "nebula-storaged0":9779, role = STORAGE
I20260817 15:26:17.644783   132 HBProcessor.cpp:33] Receive heartbeat from "nebula-graphd":9669, role = GRAPH
I20260817 15:26:24.074208   132 HBProcessor.cpp:33] Receive heartbeat from "nebula-storaged0":9779, role = STORAGE
I20260817 15:26:27.656940   132 HBProcessor.cpp:33] Receive heartbeat from "nebula-graphd":9669, role = GRAPH
I20260817 15:26:34.078078   132 HBProcessor.cpp:33] Receive heartbeat from "nebula-storaged0":9779, role = STORAGE
I20260817 15:26:37.668782   132 HBProcessor.cpp:33] Receive heartbeat from "nebula-graphd":9669, role = GRAPH
I20260817 15:26:44.088171   132 HBProcessor.cpp:33] Receive heartbeat from "nebula-storaged0":9779, role = STORAGE
I20260817 15:26:47.676594   132 HBProcessor.cpp:33] Receive heartbeat from "nebula-graphd":9669, role = GRAPH
I20260817 15:26:54.099980   132 HBProcessor.cpp:33] Receive heartbeat from "nebula-storaged0":9779, role = STORAGE
I20260817 15:26:57.688280   132 HBProcessor.cpp:33] Receive heartbeat from "nebula-graphd":9669, role = GRAPH
I20260817 15:27:04.108562   132 HBProcessor.cpp:33] Receive heartbeat from "nebula-storaged0":9779, role = STORAGE
I20260817 15:27:07.700170   132 HBProcessor.cpp:33] Receive heartbeat from "nebula-graphd":9669, role = GRAPH
I20260817 15:27:14.119153   132 HBProcessor.cpp:33] Receive heartbeat from "nebula-storaged0":9779, role = STORAGE
I20260817 15:27:17.710628   132 HBProcessor.cpp:33] Receive heartbeat from "nebula-graphd":9669, role = GRAPH
I20260817 15:27:24.131206   132 HBProcessor.cpp:33] Receive heartbeat from "nebula-storaged0":9779, role = STORAGE
I20260817 15:27:27.715224   132 HBProcessor.cpp:33] Receive heartbeat from "nebula-graphd":9669, role = GRAPH
I20260817 15:27:34.140938   132 HBProcessor.cpp:33] Receive heartbeat from "nebula-storaged0":9779, role = STORAGE
I20260817 15:27:37.727056   132 HBProcessor.cpp:33] Receive heartbeat from "nebula-graphd":9669, role = GRAPH
I20260817 15:27:44.150835   132 HBProcessor.cpp:33] Receive heartbeat from "nebula-storaged0":9779, role = STORAGE
I20260817 15:27:47.736866   132 HBProcessor.cpp:33] Receive heartbeat from "nebula-graphd":9669, role = GRAPH
I20260817 15:27:54.163219   132 HBProcessor.cpp:33] Receive heartbeat from "nebula-storaged0":9779, role = STORAGE
I20260817 15:27:57.749208   132 HBProcessor.cpp:33] Receive heartbeat from "nebula-graphd":9669, role = GRAPH
I20260817 15:28:04.175443   132 HBProcessor.cpp:33] Receive heartbeat from "nebula-storaged0":9779, role = STORAGE
I20260817 15:28:07.761103   132 HBProcessor.cpp:33] Receive heartbeat from "nebula-graphd":9669, role = GRAPH
I20260817 15:28:14.183099   132 HBProcessor.cpp:33] Receive heartbeat from "nebula-storaged0":9779, role = STORAGE
I20260817 15:28:17.771703   132 HBProcessor.cpp:33] Receive heartbeat from "nebula-graphd":9669, role = GRAPH
I20260817 15:28:24.189002   132 HBProcessor.cpp:33] Receive heartbeat from "nebula-storaged0":9779, role = STORAGE
I20260817 15:28:27.774230   132 HBProcessor.cpp:33] Receive heartbeat from "nebula-graphd":9669, role = GRAPH
I20260817 15:28:34.200739   132 HBProcessor.cpp:33] Receive heartbeat from "nebula-storaged0":9779, role = STORAGE
I20260817 15:28:37.783532   132 HBProcessor.cpp:33] Receive heartbeat from "nebula-graphd":9669, role = GRAPH
I20260817 15:28:44.206292   132 HBProcessor.cpp:33] Receive heartbeat from "nebula-storaged0":9779, role = STORAGE
I20260817 15:28:47.793807   132 HBProcessor.cpp:33] Receive heartbeat from "nebula-graphd":9669, role = GRAPH
I20260817 15:28:54.218647   132 HBProcessor.cpp:33] Receive heartbeat from "nebula-storaged0":9779, role = STORAGE
I20260817 15:28:57.803807   132 HBProcessor.cpp:33] Receive heartbeat from "nebula-graphd":9669, role = GRAPH
I20260817 15:29:04.230535   132 HBProcessor.cpp:33] Receive heartbeat from "nebula-storaged0":9779, role = STORAGE
I20260817 15:29:07.807684   132 HBProcessor.cpp:33] Receive heartbeat from "nebula-graphd":9669, role = GRAPH
I20260817 15:29:14.240195   132 HBProcessor.cpp:33] Receive heartbeat from "nebula-storaged0":9779, role = STORAGE
I20260817 15:29:15.012661     1 MetaDaemon.cpp:230] Signal 15(Terminated) received, stopping this server
I20260817 15:29:15.039325     1 JobManager.cpp:138] JobManager::shutDown() begin
I20260817 15:29:15.042054   110 JobManager.cpp:155] Detect shutdown called, exit
I20260817 15:29:15.043951   110 JobDescription.cpp:113] Loading job description failed, error: E_JOB_NOT_IN_SPACE
I20260817 15:29:15.051800   110 JobManager.cpp:175] Load an invalid job from space 0 jodId 0
I20260817 15:29:15.053743     1 JobManager.cpp:146] JobManager::shutDown() end
I20260817 15:29:15.054425     1 NebulaStore.cpp:343] Stop the raft service...
I20260817 15:29:15.054898     1 RaftexService.cpp:67] Stopping the raftex service on port 9560
I20260817 15:29:15.056192     1 RaftexService.cpp:77] All partitions have stopped
I20260817 15:29:15.058354     1 NebulaStore.cpp:346] Stop kv engine...
I20260817 15:29:15.059309     1 NebulaStore.cpp:343] Stop the raft service...
I20260817 15:29:15.059927     1 RaftexService.cpp:67] Stopping the raftex service on port 9560
I20260817 15:29:15.063068     1 RaftexService.cpp:77] All partitions have stopped
I20260817 15:29:15.065023     1 NebulaStore.cpp:346] Stop kv engine...
I20260817 15:29:15.066469     1 NebulaStore.cpp:36] Cut off the relationship with meta client
I20260817 15:29:15.070211     1 Part.h:59] [Port: 9560, Space: 0, Part: 0] ~Part()
I20260817 15:29:15.086632     1 RocksEngine.h:247] Release rocksdb on /data/meta/nebula/0
I20260817 15:29:15.102837     1 NebulaStore.cpp:44] ~NebulaStore()
I20260817 15:29:15.103758     1 MetaDaemon.cpp:215] The meta Daemon stopped
I20260817 15:29:15.107424     1 JobManager.cpp:138] JobManager::shutDown() begin
I20260817 15:29:15.108173     1 JobManager.cpp:141] JobManager not running, exit
I20260817 15:29:30.395655     1 MetaDaemon.cpp:137] localhost = "nebula-metad0":9559
I20260817 15:29:30.430066     1 NebulaStore.cpp:48] Start the raft service...
I20260817 15:29:30.432874     1 NebulaSnapshotManager.cpp:25] Send snapshot is rate limited to 10485760 for each part by default
I20260817 15:29:30.540850     1 RaftexService.cpp:46] Start raft service on 9560
I20260817 15:29:30.544770     1 NebulaStore.cpp:82] Scan the local path, and init the spaces_
I20260817 15:29:30.550402     1 NebulaStore.cpp:90] Scan path "/data/meta/nebula/0"
I20260817 15:29:30.550966     1 NebulaStore.cpp:292] Init data from partManager for "nebula-metad0":9559
I20260817 15:29:30.552439     1 NebulaStore.cpp:417] Create data space 0
I20260817 15:29:30.751605    75 EventListener.h:21] Rocksdb start compaction column family: default because of LevelL0FilesNum, status: OK, compacted 5 files into 0, base level is 0, output level is 1
I20260817 15:29:30.755200    74 RocksEngine.cpp:107] open rocksdb on /data/meta/nebula/0/data
I20260817 15:29:30.776297    75 EventListener.h:35] Rocksdb compaction completed column family: default because of LevelL0FilesNum, status: OK, compacted 5 files into 1, base level is 0, output level is 1
I20260817 15:29:34.608781     1 NebulaStore.cpp:480] Space 0, part 0 has been added, asLearner 0
I20260817 15:29:34.609254     1 NebulaStore.cpp:75] Register handler...
I20260817 15:29:34.609653     1 MetaDaemonInit.cpp:106] Waiting for the leader elected...
I20260817 15:29:34.610108     1 MetaDaemonInit.cpp:118] Leader has not been elected, sleep 1s
I20260817 15:29:35.610744     1 MetaDaemonInit.cpp:153] Get meta version is 4
I20260817 15:29:35.614241     1 MetaDaemonInit.cpp:169] Nebula store init succeeded, clusterId 2557737320329270911
I20260817 15:29:35.614944     1 MetaDaemon.cpp:150] Start http service
I20260817 15:29:35.616227     1 MetaDaemonInit.cpp:226] Starting Meta HTTP Service
I20260817 15:29:35.622812   104 WebService.cpp:124] Web service started on HTTP[19559]
I20260817 15:29:35.623749     1 MetaDaemonInit.cpp:192] Check root user
I20260817 15:29:35.624383     1 RootUserMan.h:35] God user exists
I20260817 15:29:35.628360     1 MetaDaemon.cpp:193] The meta daemon start on "nebula-metad0":9559
I20260817 15:29:35.631413     1 JobManager.cpp:64] JobManager initialized
I20260817 15:29:35.631438   110 JobManager.cpp:150] JobManager::scheduleThread enter
I20260817 15:29:36.542418   131 HBProcessor.cpp:33] Receive heartbeat from "nebula-storaged0":9779, role = STORAGE
I20260817 15:29:36.543222   131 HBProcessor.cpp:52] Set clusterId for new host "nebula-storaged0":9779!
I20260817 15:29:36.543857   131 HBProcessor.cpp:89] Update host "nebula-storaged0":9779 dir info, root path: /usr/local/nebula, data path size: 1
I20260817 15:29:36.567682   131 SessionManagerProcessor.cpp:155] resp session size: 1
I20260817 15:29:38.483265   131 HBProcessor.cpp:33] Receive heartbeat from "nebula-graphd":9669, role = GRAPH
I20260817 15:29:38.483963   131 HBProcessor.cpp:89] Update host "nebula-graphd":9669 dir info, root path: /usr/local/nebula, data path size: 0
I20260817 15:29:38.541963   131 SessionManagerProcessor.cpp:155] resp session size: 1
I20260817 15:29:38.562994   131 SessionManagerProcessor.cpp:155] resp session size: 1
E20260817 15:29:44.653147   131 AddHostsProcessor.cpp:72] The host "nebula-storaged0":9779 have existed!
I20260817 15:29:46.681493   131 HBProcessor.cpp:33] Receive heartbeat from "nebula-storaged0":9779, role = STORAGE
I20260817 15:29:49.422955   131 HBProcessor.cpp:33] Receive heartbeat from "nebula-graphd":9669, role = GRAPH
I20260817 15:29:56.690462   131 HBProcessor.cpp:33] Receive heartbeat from "nebula-storaged0":9779, role = STORAGE
I20260817 15:29:59.436547   131 HBProcessor.cpp:33] Receive heartbeat from "nebula-graphd":9669, role = GRAPH
I20260817 15:30:06.704111   131 HBProcessor.cpp:33] Receive heartbeat from "nebula-storaged0":9779, role = STORAGE
I20260817 15:30:09.448553   131 HBProcessor.cpp:33] Receive heartbeat from "nebula-graphd":9669, role = GRAPH
I20260817 15:30:16.714389   131 HBProcessor.cpp:33] Receive heartbeat from "nebula-storaged0":9779, role = STORAGE
I20260817 15:30:19.460870   131 HBProcessor.cpp:33] Receive heartbeat from "nebula-graphd":9669, role = GRAPH
I20260817 15:30:26.727149   131 HBProcessor.cpp:33] Receive heartbeat from "nebula-storaged0":9779, role = STORAGE
I20260817 15:30:29.472819   131 HBProcessor.cpp:33] Receive heartbeat from "nebula-graphd":9669, role = GRAPH
I20260817 15:30:36.740899   131 HBProcessor.cpp:33] Receive heartbeat from "nebula-storaged0":9779, role = STORAGE
I20260817 15:30:39.484797   131 HBProcessor.cpp:33] Receive heartbeat from "nebula-graphd":9669, role = GRAPH
I20260817 15:30:46.749521   131 HBProcessor.cpp:33] Receive heartbeat from "nebula-storaged0":9779, role = STORAGE
I20260817 15:30:49.495405   131 HBProcessor.cpp:33] Receive heartbeat from "nebula-graphd":9669, role = GRAPH
I20260817 15:30:56.761333   131 HBProcessor.cpp:33] Receive heartbeat from "nebula-storaged0":9779, role = STORAGE
I20260817 15:30:59.507254   131 HBProcessor.cpp:33] Receive heartbeat from "nebula-graphd":9669, role = GRAPH
I20260817 15:31:06.773855   131 HBProcessor.cpp:33] Receive heartbeat from "nebula-storaged0":9779, role = STORAGE
I20260817 15:31:09.519338   131 HBProcessor.cpp:33] Receive heartbeat from "nebula-graphd":9669, role = GRAPH
I20260817 15:31:16.784397   131 HBProcessor.cpp:33] Receive heartbeat from "nebula-storaged0":9779, role = STORAGE
I20260817 15:31:19.529488   131 HBProcessor.cpp:33] Receive heartbeat from "nebula-graphd":9669, role = GRAPH
I20260817 15:31:26.803556   131 HBProcessor.cpp:33] Receive heartbeat from "nebula-storaged0":9779, role = STORAGE
I20260817 15:31:29.541326   131 HBProcessor.cpp:33] Receive heartbeat from "nebula-graphd":9669, role = GRAPH
I20260817 15:31:36.811362   131 HBProcessor.cpp:33] Receive heartbeat from "nebula-storaged0":9779, role = STORAGE
I20260817 15:31:39.553565   131 HBProcessor.cpp:33] Receive heartbeat from "nebula-graphd":9669, role = GRAPH
I20260817 15:31:46.821350   131 HBProcessor.cpp:33] Receive heartbeat from "nebula-storaged0":9779, role = STORAGE
I20260817 15:31:49.563527   131 HBProcessor.cpp:33] Receive heartbeat from "nebula-graphd":9669, role = GRAPH
I20260817 15:31:56.832617   131 HBProcessor.cpp:33] Receive heartbeat from "nebula-storaged0":9779, role = STORAGE
I20260817 15:31:59.575543   131 HBProcessor.cpp:33] Receive heartbeat from "nebula-graphd":9669, role = GRAPH
I20260817 15:32:06.836457   131 HBProcessor.cpp:33] Receive heartbeat from "nebula-storaged0":9779, role = STORAGE
I20260817 15:32:09.591243   131 HBProcessor.cpp:33] Receive heartbeat from "nebula-graphd":9669, role = GRAPH
I20260817 15:32:16.837757   131 HBProcessor.cpp:33] Receive heartbeat from "nebula-storaged0":9779, role = STORAGE
I20260817 15:32:19.601579   131 HBProcessor.cpp:33] Receive heartbeat from "nebula-graphd":9669, role = GRAPH
I20260817 15:32:26.847108   131 HBProcessor.cpp:33] Receive heartbeat from "nebula-storaged0":9779, role = STORAGE
I20260817 15:32:29.613379   131 HBProcessor.cpp:33] Receive heartbeat from "nebula-graphd":9669, role = GRAPH
I20260817 15:32:36.858472   131 HBProcessor.cpp:33] Receive heartbeat from "nebula-storaged0":9779, role = STORAGE
I20260817 15:32:39.622548   131 HBProcessor.cpp:33] Receive heartbeat from "nebula-graphd":9669, role = GRAPH
I20260817 15:32:46.868842   131 HBProcessor.cpp:33] Receive heartbeat from "nebula-storaged0":9779, role = STORAGE
I20260817 15:32:49.632894   131 HBProcessor.cpp:33] Receive heartbeat from "nebula-graphd":9669, role = GRAPH
I20260817 15:32:56.880801   131 HBProcessor.cpp:33] Receive heartbeat from "nebula-storaged0":9779, role = STORAGE
I20260817 15:32:59.644928   131 HBProcessor.cpp:33] Receive heartbeat from "nebula-graphd":9669, role = GRAPH
I20260817 15:33:06.892944   131 HBProcessor.cpp:33] Receive heartbeat from "nebula-storaged0":9779, role = STORAGE
I20260817 15:33:09.656729   131 HBProcessor.cpp:33] Receive heartbeat from "nebula-graphd":9669, role = GRAPH
I20260817 15:33:16.894685   131 HBProcessor.cpp:33] Receive heartbeat from "nebula-storaged0":9779, role = STORAGE
I20260817 15:33:19.666750   131 HBProcessor.cpp:33] Receive heartbeat from "nebula-graphd":9669, role = GRAPH
I20260817 15:33:26.904557   131 HBProcessor.cpp:33] Receive heartbeat from "nebula-storaged0":9779, role = STORAGE
I20260817 15:33:29.678551   131 HBProcessor.cpp:33] Receive heartbeat from "nebula-graphd":9669, role = GRAPH
I20260817 15:33:36.907886   131 HBProcessor.cpp:33] Receive heartbeat from "nebula-storaged0":9779, role = STORAGE
I20260817 15:33:39.690241   131 HBProcessor.cpp:33] Receive heartbeat from "nebula-graphd":9669, role = GRAPH
I20260817 15:33:46.918778   131 HBProcessor.cpp:33] Receive heartbeat from "nebula-storaged0":9779, role = STORAGE
I20260817 15:33:49.700989   131 HBProcessor.cpp:33] Receive heartbeat from "nebula-graphd":9669, role = GRAPH
I20260817 15:33:56.930580   131 HBProcessor.cpp:33] Receive heartbeat from "nebula-storaged0":9779, role = STORAGE
I20260817 15:33:59.712688   131 HBProcessor.cpp:33] Receive heartbeat from "nebula-graphd":9669, role = GRAPH
I20260817 15:34:06.941900   131 HBProcessor.cpp:33] Receive heartbeat from "nebula-storaged0":9779, role = STORAGE
I20260817 15:34:09.724550   131 HBProcessor.cpp:33] Receive heartbeat from "nebula-graphd":9669, role = GRAPH
I20260817 15:34:16.957361   131 HBProcessor.cpp:33] Receive heartbeat from "nebula-storaged0":9779, role = STORAGE
I20260817 15:34:19.735142   131 HBProcessor.cpp:33] Receive heartbeat from "nebula-graphd":9669, role = GRAPH
I20260817 15:34:26.969272   131 HBProcessor.cpp:33] Receive heartbeat from "nebula-storaged0":9779, role = STORAGE
I20260817 15:34:29.739799   131 HBProcessor.cpp:33] Receive heartbeat from "nebula-graphd":9669, role = GRAPH
I20260817 15:34:36.981513   131 HBProcessor.cpp:33] Receive heartbeat from "nebula-storaged0":9779, role = STORAGE
I20260817 15:34:39.751940   131 HBProcessor.cpp:33] Receive heartbeat from "nebula-graphd":9669, role = GRAPH
I20260817 15:34:46.993029   131 HBProcessor.cpp:33] Receive heartbeat from "nebula-storaged0":9779, role = STORAGE
I20260817 15:34:49.762569   131 HBProcessor.cpp:33] Receive heartbeat from "nebula-graphd":9669, role = GRAPH
I20260817 15:34:57.005386   131 HBProcessor.cpp:33] Receive heartbeat from "nebula-storaged0":9779, role = STORAGE
I20260817 15:34:59.774830   131 HBProcessor.cpp:33] Receive heartbeat from "nebula-graphd":9669, role = GRAPH
I20260817 15:35:07.017791   131 HBProcessor.cpp:33] Receive heartbeat from "nebula-storaged0":9779, role = STORAGE
I20260817 15:35:09.787520   131 HBProcessor.cpp:33] Receive heartbeat from "nebula-graphd":9669, role = GRAPH
I20260817 15:35:17.027380   131 HBProcessor.cpp:33] Receive heartbeat from "nebula-storaged0":9779, role = STORAGE
I20260817 15:35:19.796645   131 HBProcessor.cpp:33] Receive heartbeat from "nebula-graphd":9669, role = GRAPH
I20260817 15:35:27.039412   131 HBProcessor.cpp:33] Receive heartbeat from "nebula-storaged0":9779, role = STORAGE
I20260817 15:35:29.808689   131 HBProcessor.cpp:33] Receive heartbeat from "nebula-graphd":9669, role = GRAPH
I20260817 15:35:37.051915   131 HBProcessor.cpp:33] Receive heartbeat from "nebula-storaged0":9779, role = STORAGE
I20260817 15:35:39.820538   131 HBProcessor.cpp:33] Receive heartbeat from "nebula-graphd":9669, role = GRAPH
I20260817 15:35:47.063143   131 HBProcessor.cpp:33] Receive heartbeat from "nebula-storaged0":9779, role = STORAGE
I20260817 15:35:49.831974   131 HBProcessor.cpp:33] Receive heartbeat from "nebula-graphd":9669, role = GRAPH
I20260817 15:35:57.068815   131 HBProcessor.cpp:33] Receive heartbeat from "nebula-storaged0":9779, role = STORAGE
I20260817 15:35:59.837422   131 HBProcessor.cpp:33] Receive heartbeat from "nebula-graphd":9669, role = GRAPH
I20260817 15:36:07.079624   131 HBProcessor.cpp:33] Receive heartbeat from "nebula-storaged0":9779, role = STORAGE
I20260817 15:36:09.849663   131 HBProcessor.cpp:33] Receive heartbeat from "nebula-graphd":9669, role = GRAPH
I20260817 15:36:17.090128   131 HBProcessor.cpp:33] Receive heartbeat from "nebula-storaged0":9779, role = STORAGE
I20260817 15:36:19.860478   131 HBProcessor.cpp:33] Receive heartbeat from "nebula-graphd":9669, role = GRAPH
I20260817 15:36:27.098552   131 HBProcessor.cpp:33] Receive heartbeat from "nebula-storaged0":9779, role = STORAGE
I20260817 15:36:29.872567   131 HBProcessor.cpp:33] Receive heartbeat from "nebula-graphd":9669, role = GRAPH
I20260817 15:36:37.110536   131 HBProcessor.cpp:33] Receive heartbeat from "nebula-storaged0":9779, role = STORAGE
I20260817 15:36:39.884575   131 HBProcessor.cpp:33] Receive heartbeat from "nebula-graphd":9669, role = GRAPH
I20260817 15:36:47.118315   131 HBProcessor.cpp:33] Receive heartbeat from "nebula-storaged0":9779, role = STORAGE
I20260817 15:36:49.891716   131 HBProcessor.cpp:33] Receive heartbeat from "nebula-graphd":9669, role = GRAPH
I20260817 15:36:57.130318   131 HBProcessor.cpp:33] Receive heartbeat from "nebula-storaged0":9779, role = STORAGE
I20260817 15:36:59.903620   131 HBProcessor.cpp:33] Receive heartbeat from "nebula-graphd":9669, role = GRAPH
I20260817 15:37:07.141089   131 HBProcessor.cpp:33] Receive heartbeat from "nebula-storaged0":9779, role = STORAGE
I20260817 15:37:09.915916   131 HBProcessor.cpp:33] Receive heartbeat from "nebula-graphd":9669, role = GRAPH
I20260817 15:37:17.148993   131 HBProcessor.cpp:33] Receive heartbeat from "nebula-storaged0":9779, role = STORAGE
I20260817 15:37:19.925871   131 HBProcessor.cpp:33] Receive heartbeat from "nebula-graphd":9669, role = GRAPH
I20260817 15:37:27.161803   131 HBProcessor.cpp:33] Receive heartbeat from "nebula-storaged0":9779, role = STORAGE
I20260817 15:37:29.941148   131 HBProcessor.cpp:33] Receive heartbeat from "nebula-graphd":9669, role = GRAPH
I20260817 15:37:37.171221   131 HBProcessor.cpp:33] Receive heartbeat from "nebula-storaged0":9779, role = STORAGE
I20260817 15:37:39.953357   131 HBProcessor.cpp:33] Receive heartbeat from "nebula-graphd":9669, role = GRAPH
I20260817 15:37:47.181842   131 HBProcessor.cpp:33] Receive heartbeat from "nebula-storaged0":9779, role = STORAGE
I20260817 15:37:49.960417   131 HBProcessor.cpp:33] Receive heartbeat from "nebula-graphd":9669, role = GRAPH
I20260817 15:37:57.192411   131 HBProcessor.cpp:33] Receive heartbeat from "nebula-storaged0":9779, role = STORAGE
I20260817 15:37:59.972942   131 HBProcessor.cpp:33] Receive heartbeat from "nebula-graphd":9669, role = GRAPH
I20260817 15:38:07.204406   131 HBProcessor.cpp:33] Receive heartbeat from "nebula-storaged0":9779, role = STORAGE
I20260817 15:38:09.985273   131 HBProcessor.cpp:33] Receive heartbeat from "nebula-graphd":9669, role = GRAPH
I20260817 15:38:17.210561   131 HBProcessor.cpp:33] Receive heartbeat from "nebula-storaged0":9779, role = STORAGE
I20260817 15:38:19.995400   131 HBProcessor.cpp:33] Receive heartbeat from "nebula-graphd":9669, role = GRAPH
I20260817 15:38:27.224128   131 HBProcessor.cpp:33] Receive heartbeat from "nebula-storaged0":9779, role = STORAGE
I20260817 15:38:30.007790   131 HBProcessor.cpp:33] Receive heartbeat from "nebula-graphd":9669, role = GRAPH
I20260817 15:38:37.240254   131 HBProcessor.cpp:33] Receive heartbeat from "nebula-storaged0":9779, role = STORAGE
I20260817 15:38:40.019987   131 HBProcessor.cpp:33] Receive heartbeat from "nebula-graphd":9669, role = GRAPH
I20260817 15:38:47.249289   131 HBProcessor.cpp:33] Receive heartbeat from "nebula-storaged0":9779, role = STORAGE
I20260817 15:38:50.030718   131 HBProcessor.cpp:33] Receive heartbeat from "nebula-graphd":9669, role = GRAPH
I20260817 15:38:57.260170   131 HBProcessor.cpp:33] Receive heartbeat from "nebula-storaged0":9779, role = STORAGE
I20260817 15:39:00.042557   131 HBProcessor.cpp:33] Receive heartbeat from "nebula-graphd":9669, role = GRAPH
I20260817 15:39:07.272074   131 HBProcessor.cpp:33] Receive heartbeat from "nebula-storaged0":9779, role = STORAGE
I20260817 15:39:10.052906   131 HBProcessor.cpp:33] Receive heartbeat from "nebula-graphd":9669, role = GRAPH
I20260817 15:39:17.282807   131 HBProcessor.cpp:33] Receive heartbeat from "nebula-storaged0":9779, role = STORAGE
I20260817 15:39:20.063230   131 HBProcessor.cpp:33] Receive heartbeat from "nebula-graphd":9669, role = GRAPH
I20260817 15:39:27.296355   131 HBProcessor.cpp:33] Receive heartbeat from "nebula-storaged0":9779, role = STORAGE
I20260817 15:39:30.075186   131 HBProcessor.cpp:33] Receive heartbeat from "nebula-graphd":9669, role = GRAPH
I20260817 15:39:37.308061   131 HBProcessor.cpp:33] Receive heartbeat from "nebula-storaged0":9779, role = STORAGE
I20260817 15:39:40.086957   131 HBProcessor.cpp:33] Receive heartbeat from "nebula-graphd":9669, role = GRAPH
I20260817 15:39:47.320493   131 HBProcessor.cpp:33] Receive heartbeat from "nebula-storaged0":9779, role = STORAGE
I20260817 15:39:50.097167   131 HBProcessor.cpp:33] Receive heartbeat from "nebula-graphd":9669, role = GRAPH
I20260817 15:39:57.336786   131 HBProcessor.cpp:33] Receive heartbeat from "nebula-storaged0":9779, role = STORAGE
I20260817 15:40:00.109253   131 HBProcessor.cpp:33] Receive heartbeat from "nebula-graphd":9669, role = GRAPH
I20260817 15:40:07.345412   131 HBProcessor.cpp:33] Receive heartbeat from "nebula-storaged0":9779, role = STORAGE
I20260817 15:40:10.117420   131 HBProcessor.cpp:33] Receive heartbeat from "nebula-graphd":9669, role = GRAPH
I20260817 15:40:17.352087   131 HBProcessor.cpp:33] Receive heartbeat from "nebula-storaged0":9779, role = STORAGE
I20260817 15:40:20.127604   131 HBProcessor.cpp:33] Receive heartbeat from "nebula-graphd":9669, role = GRAPH
I20260817 15:40:27.364167   131 HBProcessor.cpp:33] Receive heartbeat from "nebula-storaged0":9779, role = STORAGE
I20260817 15:40:30.134408   131 HBProcessor.cpp:33] Receive heartbeat from "nebula-graphd":9669, role = GRAPH
I20260817 15:40:37.371912   131 HBProcessor.cpp:33] Receive heartbeat from "nebula-storaged0":9779, role = STORAGE
I20260817 15:40:40.146606   131 HBProcessor.cpp:33] Receive heartbeat from "nebula-graphd":9669, role = GRAPH
I20260817 15:40:47.382267   131 HBProcessor.cpp:33] Receive heartbeat from "nebula-storaged0":9779, role = STORAGE
I20260817 15:40:50.152688   131 HBProcessor.cpp:33] Receive heartbeat from "nebula-graphd":9669, role = GRAPH
I20260817 15:40:57.394250   131 HBProcessor.cpp:33] Receive heartbeat from "nebula-storaged0":9779, role = STORAGE
I20260817 15:41:00.164661   131 HBProcessor.cpp:33] Receive heartbeat from "nebula-graphd":9669, role = GRAPH
I20260817 15:41:07.406291   131 HBProcessor.cpp:33] Receive heartbeat from "nebula-storaged0":9779, role = STORAGE
I20260817 15:41:10.177165   131 HBProcessor.cpp:33] Receive heartbeat from "nebula-graphd":9669, role = GRAPH
I20260817 15:41:16.836257     1 MetaDaemon.cpp:230] Signal 15(Terminated) received, stopping this server
I20260817 15:41:16.886421     1 JobManager.cpp:138] JobManager::shutDown() begin
I20260817 15:41:16.888863   110 JobManager.cpp:155] Detect shutdown called, exit
I20260817 15:41:16.889755   110 JobDescription.cpp:113] Loading job description failed, error: E_JOB_NOT_IN_SPACE
I20260817 15:41:16.890894   110 JobManager.cpp:175] Load an invalid job from space 0 jodId 0
I20260817 15:41:16.908031     1 JobManager.cpp:146] JobManager::shutDown() end
I20260817 15:41:16.920632     1 NebulaStore.cpp:343] Stop the raft service...
I20260817 15:41:16.921834     1 RaftexService.cpp:67] Stopping the raftex service on port 9560
I20260817 15:41:16.924758     1 RaftexService.cpp:77] All partitions have stopped
I20260817 15:41:16.925365     1 NebulaStore.cpp:346] Stop kv engine...
I20260817 15:41:16.926172     1 NebulaStore.cpp:343] Stop the raft service...
I20260817 15:41:16.926843     1 RaftexService.cpp:67] Stopping the raftex service on port 9560
I20260817 15:41:16.929292     1 RaftexService.cpp:77] All partitions have stopped
I20260817 15:41:16.930757     1 NebulaStore.cpp:346] Stop kv engine...
I20260817 15:41:16.932458     1 NebulaStore.cpp:36] Cut off the relationship with meta client
I20260817 15:41:16.934249     1 Part.h:59] [Port: 9560, Space: 0, Part: 0] ~Part()
I20260817 15:41:16.952172     1 RocksEngine.h:247] Release rocksdb on /data/meta/nebula/0
I20260817 15:41:17.092182     1 NebulaStore.cpp:44] ~NebulaStore()
I20260817 15:41:17.094962     1 MetaDaemon.cpp:215] The meta Daemon stopped
I20260817 15:41:17.107467     1 JobManager.cpp:138] JobManager::shutDown() begin
I20260817 15:41:17.112031     1 JobManager.cpp:141] JobManager not running, exit
I20260817 15:41:36.248281     1 MetaDaemon.cpp:137] localhost = "nebula-metad0":9559
I20260817 15:41:36.270414     1 NebulaStore.cpp:48] Start the raft service...
I20260817 15:41:36.273249     1 NebulaSnapshotManager.cpp:25] Send snapshot is rate limited to 10485760 for each part by default
I20260817 15:41:36.360085     1 RaftexService.cpp:46] Start raft service on 9560
I20260817 15:41:36.373023     1 NebulaStore.cpp:82] Scan the local path, and init the spaces_
I20260817 15:41:36.376991     1 NebulaStore.cpp:90] Scan path "/data/meta/nebula/0"
I20260817 15:41:36.381035     1 NebulaStore.cpp:292] Init data from partManager for "nebula-metad0":9559
I20260817 15:41:36.389086     1 NebulaStore.cpp:417] Create data space 0
I20260817 15:41:36.593679    74 RocksEngine.cpp:107] open rocksdb on /data/meta/nebula/0/data
I20260817 15:41:40.946238     1 NebulaStore.cpp:480] Space 0, part 0 has been added, asLearner 0
I20260817 15:41:40.946775     1 NebulaStore.cpp:75] Register handler...
I20260817 15:41:40.947247     1 MetaDaemonInit.cpp:106] Waiting for the leader elected...
I20260817 15:41:40.947690     1 MetaDaemonInit.cpp:118] Leader has not been elected, sleep 1s
I20260817 15:41:41.948328     1 MetaDaemonInit.cpp:153] Get meta version is 4
I20260817 15:41:41.949208     1 MetaDaemonInit.cpp:169] Nebula store init succeeded, clusterId 2557737320329270911
I20260817 15:41:41.949674     1 MetaDaemon.cpp:150] Start http service
I20260817 15:41:41.950716     1 MetaDaemonInit.cpp:226] Starting Meta HTTP Service
I20260817 15:41:41.956130   104 WebService.cpp:124] Web service started on HTTP[19559]
I20260817 15:41:41.956774     1 MetaDaemonInit.cpp:192] Check root user
I20260817 15:41:41.957309     1 RootUserMan.h:35] God user exists
I20260817 15:41:41.960739     1 MetaDaemon.cpp:193] The meta daemon start on "nebula-metad0":9559
I20260817 15:41:41.961437     1 JobManager.cpp:64] JobManager initialized
I20260817 15:41:41.961459   110 JobManager.cpp:150] JobManager::scheduleThread enter
I20260817 15:41:42.194334   132 HBProcessor.cpp:33] Receive heartbeat from "nebula-graphd":9669, role = GRAPH
I20260817 15:41:42.195466   132 HBProcessor.cpp:89] Update host "nebula-graphd":9669 dir info, root path: /usr/local/nebula, data path size: 0
I20260817 15:41:42.239933   132 SessionManagerProcessor.cpp:155] resp session size: 1
I20260817 15:41:42.253515   132 SessionManagerProcessor.cpp:155] resp session size: 1
I20260817 15:41:42.656144   132 HBProcessor.cpp:33] Receive heartbeat from "nebula-storaged0":9779, role = STORAGE
I20260817 15:41:42.659072   132 HBProcessor.cpp:52] Set clusterId for new host "nebula-storaged0":9779!
I20260817 15:41:42.659801   132 HBProcessor.cpp:89] Update host "nebula-storaged0":9779 dir info, root path: /usr/local/nebula, data path size: 1
I20260817 15:41:42.686806   132 SessionManagerProcessor.cpp:155] resp session size: 1
E20260817 15:41:47.716851   132 AddHostsProcessor.cpp:72] The host "nebula-storaged0":9779 have existed!
I20260817 15:41:52.405197   132 HBProcessor.cpp:33] Receive heartbeat from "nebula-graphd":9669, role = GRAPH
I20260817 15:41:53.054031   132 HBProcessor.cpp:33] Receive heartbeat from "nebula-storaged0":9779, role = STORAGE
I20260817 15:42:02.417248   132 HBProcessor.cpp:33] Receive heartbeat from "nebula-graphd":9669, role = GRAPH
I20260817 15:42:03.058153   132 HBProcessor.cpp:33] Receive heartbeat from "nebula-storaged0":9779, role = STORAGE
I20260817 15:42:12.421550   132 HBProcessor.cpp:33] Receive heartbeat from "nebula-graphd":9669, role = GRAPH
I20260817 15:42:13.066679   132 HBProcessor.cpp:33] Receive heartbeat from "nebula-storaged0":9779, role = STORAGE
I20260817 15:42:22.433385   132 HBProcessor.cpp:33] Receive heartbeat from "nebula-graphd":9669, role = GRAPH
I20260817 15:42:23.079952   132 HBProcessor.cpp:33] Receive heartbeat from "nebula-storaged0":9779, role = STORAGE
I20260817 15:42:32.441516   132 HBProcessor.cpp:33] Receive heartbeat from "nebula-graphd":9669, role = GRAPH
I20260817 15:42:33.090777   132 HBProcessor.cpp:33] Receive heartbeat from "nebula-storaged0":9779, role = STORAGE
I20260817 15:42:42.451900   132 HBProcessor.cpp:33] Receive heartbeat from "nebula-graphd":9669, role = GRAPH
I20260817 15:42:43.102488   132 HBProcessor.cpp:33] Receive heartbeat from "nebula-storaged0":9779, role = STORAGE
I20260817 15:42:52.463840   132 HBProcessor.cpp:33] Receive heartbeat from "nebula-graphd":9669, role = GRAPH
I20260817 15:42:53.114306   132 HBProcessor.cpp:33] Receive heartbeat from "nebula-storaged0":9779, role = STORAGE
I20260817 15:43:02.476245   132 HBProcessor.cpp:33] Receive heartbeat from "nebula-graphd":9669, role = GRAPH
I20260817 15:43:03.118583   132 HBProcessor.cpp:33] Receive heartbeat from "nebula-storaged0":9779, role = STORAGE
I20260817 15:43:12.486701   132 HBProcessor.cpp:33] Receive heartbeat from "nebula-graphd":9669, role = GRAPH
I20260817 15:43:13.125746   132 HBProcessor.cpp:33] Receive heartbeat from "nebula-storaged0":9779, role = STORAGE
I20260817 15:43:22.499054   132 HBProcessor.cpp:33] Receive heartbeat from "nebula-graphd":9669, role = GRAPH
I20260817 15:43:23.137727   132 HBProcessor.cpp:33] Receive heartbeat from "nebula-storaged0":9779, role = STORAGE
I20260817 15:43:32.511071   132 HBProcessor.cpp:33] Receive heartbeat from "nebula-graphd":9669, role = GRAPH
I20260817 15:43:33.149688   132 HBProcessor.cpp:33] Receive heartbeat from "nebula-storaged0":9779, role = STORAGE
I20260817 15:43:42.522011   132 HBProcessor.cpp:33] Receive heartbeat from "nebula-graphd":9669, role = GRAPH
I20260817 15:43:43.153820   132 HBProcessor.cpp:33] Receive heartbeat from "nebula-storaged0":9779, role = STORAGE
I20260817 15:43:52.533807   132 HBProcessor.cpp:33] Receive heartbeat from "nebula-graphd":9669, role = GRAPH
I20260817 15:43:53.164496   132 HBProcessor.cpp:33] Receive heartbeat from "nebula-storaged0":9779, role = STORAGE
I20260817 15:44:02.545794   132 HBProcessor.cpp:33] Receive heartbeat from "nebula-graphd":9669, role = GRAPH
I20260817 15:44:03.176568   132 HBProcessor.cpp:33] Receive heartbeat from "nebula-storaged0":9779, role = STORAGE
I20260817 15:44:12.554342   132 HBProcessor.cpp:33] Receive heartbeat from "nebula-graphd":9669, role = GRAPH
I20260817 15:44:13.185366   132 HBProcessor.cpp:33] Receive heartbeat from "nebula-storaged0":9779, role = STORAGE
I20260817 15:44:22.566707   132 HBProcessor.cpp:33] Receive heartbeat from "nebula-graphd":9669, role = GRAPH
I20260817 15:44:23.197311   132 HBProcessor.cpp:33] Receive heartbeat from "nebula-storaged0":9779, role = STORAGE
I20260817 15:44:32.578593   132 HBProcessor.cpp:33] Receive heartbeat from "nebula-graphd":9669, role = GRAPH
I20260817 15:44:33.208437   132 HBProcessor.cpp:33] Receive heartbeat from "nebula-storaged0":9779, role = STORAGE
I20260817 15:44:42.588546   132 HBProcessor.cpp:33] Receive heartbeat from "nebula-graphd":9669, role = GRAPH
I20260817 15:44:43.218488   132 HBProcessor.cpp:33] Receive heartbeat from "nebula-storaged0":9779, role = STORAGE
I20260817 15:44:52.600513   132 HBProcessor.cpp:33] Receive heartbeat from "nebula-graphd":9669, role = GRAPH
I20260817 15:44:53.228199   132 HBProcessor.cpp:33] Receive heartbeat from "nebula-storaged0":9779, role = STORAGE
I20260817 15:45:02.609407   132 HBProcessor.cpp:33] Receive heartbeat from "nebula-graphd":9669, role = GRAPH
I20260817 15:45:03.231941   132 HBProcessor.cpp:33] Receive heartbeat from "nebula-storaged0":9779, role = STORAGE
I20260817 15:45:12.620690   132 HBProcessor.cpp:33] Receive heartbeat from "nebula-graphd":9669, role = GRAPH
I20260817 15:45:13.243220   132 HBProcessor.cpp:33] Receive heartbeat from "nebula-storaged0":9779, role = STORAGE
I20260817 15:45:22.626792   132 HBProcessor.cpp:33] Receive heartbeat from "nebula-graphd":9669, role = GRAPH
I20260817 15:45:23.247202   132 HBProcessor.cpp:33] Receive heartbeat from "nebula-storaged0":9779, role = STORAGE
I20260817 15:45:32.637825   132 HBProcessor.cpp:33] Receive heartbeat from "nebula-graphd":9669, role = GRAPH
I20260817 15:45:33.258844   132 HBProcessor.cpp:33] Receive heartbeat from "nebula-storaged0":9779, role = STORAGE
I20260817 15:45:42.647051   132 HBProcessor.cpp:33] Receive heartbeat from "nebula-graphd":9669, role = GRAPH
I20260817 15:45:43.268828   132 HBProcessor.cpp:33] Receive heartbeat from "nebula-storaged0":9779, role = STORAGE
I20260817 15:45:52.658458   132 HBProcessor.cpp:33] Receive heartbeat from "nebula-graphd":9669, role = GRAPH
I20260817 15:45:53.271926   132 HBProcessor.cpp:33] Receive heartbeat from "nebula-storaged0":9779, role = STORAGE
W20260817 15:45:54.783004   132 CreateSpaceProcessor.cpp:214] Host "storaged0":9779 expired
I20260817 15:45:54.783867   132 CreateSpaceProcessor.cpp:276] Create space social_network
I20260817 15:46:02.670637   132 HBProcessor.cpp:33] Receive heartbeat from "nebula-graphd":9669, role = GRAPH
I20260817 15:46:02.675439   132 SessionManagerProcessor.cpp:155] resp session size: 13
I20260817 15:46:03.132735   132 CreateTagProcessor.cpp:87] Create Tag user, TagID 2
I20260817 15:46:03.144006   132 CreateTagProcessor.cpp:87] Create Tag post, TagID 3
I20260817 15:46:03.153642   132 CreateTagProcessor.cpp:87] Create Tag comment, TagID 4
I20260817 15:46:03.165609   132 CreateEdgeProcessor.cpp:86] Create Edge follows, edgeType 5
I20260817 15:46:03.275956   132 HBProcessor.cpp:33] Receive heartbeat from "nebula-storaged0":9779, role = STORAGE
I20260817 15:46:03.280236   132 SessionManagerProcessor.cpp:155] resp session size: 26
I20260817 15:46:12.699954   132 HBProcessor.cpp:33] Receive heartbeat from "nebula-graphd":9669, role = GRAPH
I20260817 15:46:12.708284   132 SessionManagerProcessor.cpp:155] resp session size: 26
I20260817 15:46:14.034039   132 HBProcessor.cpp:33] Receive heartbeat from "nebula-storaged0":9779, role = STORAGE
I20260817 15:46:22.736032   132 HBProcessor.cpp:33] Receive heartbeat from "nebula-graphd":9669, role = GRAPH
I20260817 15:46:22.739640   132 SessionManagerProcessor.cpp:155] resp session size: 26
I20260817 15:46:24.045482   132 HBProcessor.cpp:33] Receive heartbeat from "nebula-storaged0":9779, role = STORAGE
I20260817 15:46:24.049528   132 SessionManagerProcessor.cpp:155] resp session size: 26
I20260817 15:46:32.758795   132 HBProcessor.cpp:33] Receive heartbeat from "nebula-graphd":9669, role = GRAPH
I20260817 15:46:34.069368   132 HBProcessor.cpp:33] Receive heartbeat from "nebula-storaged0":9779, role = STORAGE
I20260817 15:46:42.762684   132 HBProcessor.cpp:33] Receive heartbeat from "nebula-graphd":9669, role = GRAPH
I20260817 15:46:44.080267   132 HBProcessor.cpp:33] Receive heartbeat from "nebula-storaged0":9779, role = STORAGE
I20260817 15:46:52.767709   132 HBProcessor.cpp:33] Receive heartbeat from "nebula-graphd":9669, role = GRAPH
I20260817 15:46:54.092736   132 HBProcessor.cpp:33] Receive heartbeat from "nebula-storaged0":9779, role = STORAGE
I20260817 15:47:02.779480   132 HBProcessor.cpp:33] Receive heartbeat from "nebula-graphd":9669, role = GRAPH
I20260817 15:47:04.102496   132 HBProcessor.cpp:33] Receive heartbeat from "nebula-storaged0":9779, role = STORAGE
I20260817 15:47:12.782920   132 HBProcessor.cpp:33] Receive heartbeat from "nebula-graphd":9669, role = GRAPH
I20260817 15:47:14.112978   132 HBProcessor.cpp:33] Receive heartbeat from "nebula-storaged0":9779, role = STORAGE
I20260817 15:47:22.796059   132 HBProcessor.cpp:33] Receive heartbeat from "nebula-graphd":9669, role = GRAPH
I20260817 15:47:24.124984   132 HBProcessor.cpp:33] Receive heartbeat from "nebula-storaged0":9779, role = STORAGE
I20260817 15:47:32.807998   132 HBProcessor.cpp:33] Receive heartbeat from "nebula-graphd":9669, role = GRAPH
I20260817 15:47:34.132815   132 HBProcessor.cpp:33] Receive heartbeat from "nebula-storaged0":9779, role = STORAGE
I20260817 15:47:42.818216   132 HBProcessor.cpp:33] Receive heartbeat from "nebula-graphd":9669, role = GRAPH
I20260817 15:47:44.142930   132 HBProcessor.cpp:33] Receive heartbeat from "nebula-storaged0":9779, role = STORAGE
I20260817 15:47:52.831696   132 HBProcessor.cpp:33] Receive heartbeat from "nebula-graphd":9669, role = GRAPH
I20260817 15:47:54.149907   132 HBProcessor.cpp:33] Receive heartbeat from "nebula-storaged0":9779, role = STORAGE
I20260817 15:48:02.842959   132 HBProcessor.cpp:33] Receive heartbeat from "nebula-graphd":9669, role = GRAPH
I20260817 15:48:04.161963   132 HBProcessor.cpp:33] Receive heartbeat from "nebula-storaged0":9779, role = STORAGE
I20260817 15:48:12.844635   132 HBProcessor.cpp:33] Receive heartbeat from "nebula-graphd":9669, role = GRAPH
I20260817 15:48:14.172825   132 HBProcessor.cpp:33] Receive heartbeat from "nebula-storaged0":9779, role = STORAGE
I20260817 15:48:22.857622   132 HBProcessor.cpp:33] Receive heartbeat from "nebula-graphd":9669, role = GRAPH
I20260817 15:48:24.185081   132 HBProcessor.cpp:33] Receive heartbeat from "nebula-storaged0":9779, role = STORAGE
I20260817 15:48:32.870029   132 HBProcessor.cpp:33] Receive heartbeat from "nebula-graphd":9669, role = GRAPH
I20260817 15:48:34.197431   132 HBProcessor.cpp:33] Receive heartbeat from "nebula-storaged0":9779, role = STORAGE
I20260817 15:48:42.879983   132 HBProcessor.cpp:33] Receive heartbeat from "nebula-graphd":9669, role = GRAPH
I20260817 15:48:44.207584   132 HBProcessor.cpp:33] Receive heartbeat from "nebula-storaged0":9779, role = STORAGE
I20260817 15:48:52.891889   132 HBProcessor.cpp:33] Receive heartbeat from "nebula-graphd":9669, role = GRAPH
I20260817 15:48:54.216893   132 HBProcessor.cpp:33] Receive heartbeat from "nebula-storaged0":9779, role = STORAGE
I20260817 15:49:02.903044   132 HBProcessor.cpp:33] Receive heartbeat from "nebula-graphd":9669, role = GRAPH
I20260817 15:49:04.227239   132 HBProcessor.cpp:33] Receive heartbeat from "nebula-storaged0":9779, role = STORAGE
I20260817 15:49:12.914181   132 HBProcessor.cpp:33] Receive heartbeat from "nebula-graphd":9669, role = GRAPH
I20260817 15:49:14.241695   132 HBProcessor.cpp:33] Receive heartbeat from "nebula-storaged0":9779, role = STORAGE
I20260817 15:49:22.926129   132 HBProcessor.cpp:33] Receive heartbeat from "nebula-graphd":9669, role = GRAPH
I20260817 15:49:24.253953   132 HBProcessor.cpp:33] Receive heartbeat from "nebula-storaged0":9779, role = STORAGE
I20260817 15:49:32.938315   132 HBProcessor.cpp:33] Receive heartbeat from "nebula-graphd":9669, role = GRAPH
I20260817 15:49:34.261086   132 HBProcessor.cpp:33] Receive heartbeat from "nebula-storaged0":9779, role = STORAGE
I20260817 15:49:42.948534   132 HBProcessor.cpp:33] Receive heartbeat from "nebula-graphd":9669, role = GRAPH
I20260817 15:49:44.271528   132 HBProcessor.cpp:33] Receive heartbeat from "nebula-storaged0":9779, role = STORAGE
I20260817 15:49:50.549475     1 MetaDaemon.cpp:230] Signal 15(Terminated) received, stopping this server
I20260817 15:49:50.595223     1 JobManager.cpp:138] JobManager::shutDown() begin
I20260817 15:49:50.601475   110 JobManager.cpp:155] Detect shutdown called, exit
I20260817 15:49:50.608201   110 JobDescription.cpp:113] Loading job description failed, error: E_JOB_NOT_IN_SPACE
I20260817 15:49:50.612572   110 JobManager.cpp:175] Load an invalid job from space 0 jodId 0
I20260817 15:49:50.613333     1 JobManager.cpp:146] JobManager::shutDown() end
I20260817 15:49:50.614178     1 NebulaStore.cpp:343] Stop the raft service...
I20260817 15:49:50.614737     1 RaftexService.cpp:67] Stopping the raftex service on port 9560
I20260817 15:49:50.615543     1 RaftexService.cpp:77] All partitions have stopped
I20260817 15:49:50.616107     1 NebulaStore.cpp:346] Stop kv engine...
I20260817 15:49:50.617942     1 NebulaStore.cpp:343] Stop the raft service...
I20260817 15:49:50.618647     1 RaftexService.cpp:67] Stopping the raftex service on port 9560
I20260817 15:49:50.619513     1 RaftexService.cpp:77] All partitions have stopped
I20260817 15:49:50.620141     1 NebulaStore.cpp:346] Stop kv engine...
I20260817 15:49:50.620735     1 NebulaStore.cpp:36] Cut off the relationship with meta client
I20260817 15:49:50.624774     1 Part.h:59] [Port: 9560, Space: 0, Part: 0] ~Part()
I20260817 15:49:50.647548     1 RocksEngine.h:247] Release rocksdb on /data/meta/nebula/0
I20260817 15:49:50.682181     1 NebulaStore.cpp:44] ~NebulaStore()
I20260817 15:49:50.683073     1 MetaDaemon.cpp:215] The meta Daemon stopped
I20260817 15:49:50.686393     1 JobManager.cpp:138] JobManager::shutDown() begin
I20260817 15:49:50.687108     1 JobManager.cpp:141] JobManager not running, exit
I20260817 15:50:07.089644     1 MetaDaemon.cpp:137] localhost = "nebula-metad0":9559
I20260817 15:50:07.108623     1 NebulaStore.cpp:48] Start the raft service...
I20260817 15:50:07.111368     1 NebulaSnapshotManager.cpp:25] Send snapshot is rate limited to 10485760 for each part by default
I20260817 15:50:07.189860     1 RaftexService.cpp:46] Start raft service on 9560
I20260817 15:50:07.193951     1 NebulaStore.cpp:82] Scan the local path, and init the spaces_
I20260817 15:50:07.198601     1 NebulaStore.cpp:90] Scan path "/data/meta/nebula/0"
I20260817 15:50:07.199788     1 NebulaStore.cpp:292] Init data from partManager for "nebula-metad0":9559
I20260817 15:50:07.201117     1 NebulaStore.cpp:417] Create data space 0
I20260817 15:50:07.496779    74 RocksEngine.cpp:107] open rocksdb on /data/meta/nebula/0/data
I20260817 15:50:12.394604     1 NebulaStore.cpp:480] Space 0, part 0 has been added, asLearner 0
I20260817 15:50:12.395092     1 NebulaStore.cpp:75] Register handler...
I20260817 15:50:12.395519     1 MetaDaemonInit.cpp:106] Waiting for the leader elected...
I20260817 15:50:12.396153     1 MetaDaemonInit.cpp:118] Leader has not been elected, sleep 1s
I20260817 15:50:13.397280     1 MetaDaemonInit.cpp:153] Get meta version is 4
I20260817 15:50:13.398649     1 MetaDaemonInit.cpp:169] Nebula store init succeeded, clusterId 2557737320329270911
I20260817 15:50:13.399545     1 MetaDaemon.cpp:150] Start http service
I20260817 15:50:13.400971     1 MetaDaemonInit.cpp:226] Starting Meta HTTP Service
I20260817 15:50:13.407632   104 WebService.cpp:124] Web service started on HTTP[19559]
I20260817 15:50:13.408694     1 MetaDaemonInit.cpp:192] Check root user
I20260817 15:50:13.409504     1 RootUserMan.h:35] God user exists
I20260817 15:50:13.416594     1 MetaDaemon.cpp:193] The meta daemon start on "nebula-metad0":9559
I20260817 15:50:13.418116     1 JobManager.cpp:64] JobManager initialized
I20260817 15:50:13.418165   110 JobManager.cpp:150] JobManager::scheduleThread enter
I20260817 15:50:13.890090   131 HBProcessor.cpp:33] Receive heartbeat from "nebula-storaged0":9779, role = STORAGE
I20260817 15:50:13.893422   131 HBProcessor.cpp:52] Set clusterId for new host "nebula-storaged0":9779!
I20260817 15:50:13.898746   131 HBProcessor.cpp:89] Update host "nebula-storaged0":9779 dir info, root path: /usr/local/nebula, data path size: 1
I20260817 15:50:13.941992   131 SessionManagerProcessor.cpp:155] resp session size: 25
I20260817 15:50:16.795054   131 HBProcessor.cpp:33] Receive heartbeat from "nebula-graphd":9669, role = GRAPH
I20260817 15:50:16.795713   131 HBProcessor.cpp:89] Update host "nebula-graphd":9669 dir info, root path: /usr/local/nebula, data path size: 0
I20260817 15:50:16.844420   131 SessionManagerProcessor.cpp:155] resp session size: 25
I20260817 15:50:16.884320   131 SessionManagerProcessor.cpp:155] resp session size: 25
E20260817 15:50:20.323477   131 AddHostsProcessor.cpp:72] The host "nebula-storaged0":9779 have existed!
I20260817 15:50:24.136019   131 HBProcessor.cpp:33] Receive heartbeat from "nebula-storaged0":9779, role = STORAGE
I20260817 15:50:27.695413   131 HBProcessor.cpp:33] Receive heartbeat from "nebula-graphd":9669, role = GRAPH
I20260817 15:50:27.699772   131 SessionManagerProcessor.cpp:155] resp session size: 25
I20260817 15:50:27.880259   131 CreateEdgeProcessor.cpp:86] Create Edge authored, edgeType 6
I20260817 15:50:27.892315   131 CreateEdgeProcessor.cpp:86] Create Edge replied, edgeType 7
I20260817 15:50:27.906672   131 CreateTagIndexProcessor.cpp:169] No type length set : name
I20260817 15:50:34.144037   131 HBProcessor.cpp:33] Receive heartbeat from "nebula-storaged0":9779, role = STORAGE
I20260817 15:50:34.154906   131 SessionManagerProcessor.cpp:155] resp session size: 38
I20260817 15:50:37.718616   131 HBProcessor.cpp:33] Receive heartbeat from "nebula-graphd":9669, role = GRAPH
I20260817 15:50:37.722126   131 SessionManagerProcessor.cpp:155] resp session size: 38
I20260817 15:50:44.193542   131 HBProcessor.cpp:33] Receive heartbeat from "nebula-storaged0":9779, role = STORAGE
I20260817 15:50:47.737524   131 HBProcessor.cpp:33] Receive heartbeat from "nebula-graphd":9669, role = GRAPH
I20260817 15:50:54.208889   131 HBProcessor.cpp:33] Receive heartbeat from "nebula-storaged0":9779, role = STORAGE
I20260817 15:50:57.752750   131 HBProcessor.cpp:33] Receive heartbeat from "nebula-graphd":9669, role = GRAPH
I20260817 15:51:04.221052   131 HBProcessor.cpp:33] Receive heartbeat from "nebula-storaged0":9779, role = STORAGE
I20260817 15:51:07.764571   131 HBProcessor.cpp:33] Receive heartbeat from "nebula-graphd":9669, role = GRAPH
I20260817 15:51:14.230190   131 HBProcessor.cpp:33] Receive heartbeat from "nebula-storaged0":9779, role = STORAGE
I20260817 15:51:17.774590   131 HBProcessor.cpp:33] Receive heartbeat from "nebula-graphd":9669, role = GRAPH
I20260817 15:51:24.242450   131 HBProcessor.cpp:33] Receive heartbeat from "nebula-storaged0":9779, role = STORAGE
I20260817 15:51:27.786656   131 HBProcessor.cpp:33] Receive heartbeat from "nebula-graphd":9669, role = GRAPH
I20260817 15:51:34.245770   131 HBProcessor.cpp:33] Receive heartbeat from "nebula-storaged0":9779, role = STORAGE
I20260817 15:51:37.799122   131 HBProcessor.cpp:33] Receive heartbeat from "nebula-graphd":9669, role = GRAPH
I20260817 15:51:44.257308   131 HBProcessor.cpp:33] Receive heartbeat from "nebula-storaged0":9779, role = STORAGE
I20260817 15:51:47.810279   131 HBProcessor.cpp:33] Receive heartbeat from "nebula-graphd":9669, role = GRAPH
I20260817 15:51:54.263023   131 HBProcessor.cpp:33] Receive heartbeat from "nebula-storaged0":9779, role = STORAGE
I20260817 15:51:57.822635   131 HBProcessor.cpp:33] Receive heartbeat from "nebula-graphd":9669, role = GRAPH
I20260817 15:52:04.275550   131 HBProcessor.cpp:33] Receive heartbeat from "nebula-storaged0":9779, role = STORAGE
I20260817 15:52:07.834774   131 HBProcessor.cpp:33] Receive heartbeat from "nebula-graphd":9669, role = GRAPH
I20260817 15:52:14.279942   131 HBProcessor.cpp:33] Receive heartbeat from "nebula-storaged0":9779, role = STORAGE
I20260817 15:52:17.836567   131 HBProcessor.cpp:33] Receive heartbeat from "nebula-graphd":9669, role = GRAPH
I20260817 15:52:24.292747   131 HBProcessor.cpp:33] Receive heartbeat from "nebula-storaged0":9779, role = STORAGE
I20260817 15:52:27.849220   131 HBProcessor.cpp:33] Receive heartbeat from "nebula-graphd":9669, role = GRAPH
I20260817 15:52:34.304694   131 HBProcessor.cpp:33] Receive heartbeat from "nebula-storaged0":9779, role = STORAGE
I20260817 15:52:37.861703   131 HBProcessor.cpp:33] Receive heartbeat from "nebula-graphd":9669, role = GRAPH
I20260817 15:52:44.315658   131 HBProcessor.cpp:33] Receive heartbeat from "nebula-storaged0":9779, role = STORAGE
I20260817 15:52:47.872184   131 HBProcessor.cpp:33] Receive heartbeat from "nebula-graphd":9669, role = GRAPH
I20260817 15:52:54.327697   131 HBProcessor.cpp:33] Receive heartbeat from "nebula-storaged0":9779, role = STORAGE
I20260817 15:52:57.884244   131 HBProcessor.cpp:33] Receive heartbeat from "nebula-graphd":9669, role = GRAPH
I20260817 15:53:04.340241   131 HBProcessor.cpp:33] Receive heartbeat from "nebula-storaged0":9779, role = STORAGE
I20260817 15:53:07.896864   131 HBProcessor.cpp:33] Receive heartbeat from "nebula-graphd":9669, role = GRAPH
I20260817 15:53:14.341570   131 HBProcessor.cpp:33] Receive heartbeat from "nebula-storaged0":9779, role = STORAGE
I20260817 15:53:17.907277   131 HBProcessor.cpp:33] Receive heartbeat from "nebula-graphd":9669, role = GRAPH
I20260817 15:53:24.353583   131 HBProcessor.cpp:33] Receive heartbeat from "nebula-storaged0":9779, role = STORAGE
I20260817 15:53:25.058145     1 MetaDaemon.cpp:230] Signal 15(Terminated) received, stopping this server
I20260817 15:53:25.102191     1 JobManager.cpp:138] JobManager::shutDown() begin
I20260817 15:53:25.113343   110 JobManager.cpp:155] Detect shutdown called, exit
I20260817 15:53:25.117051   110 JobDescription.cpp:113] Loading job description failed, error: E_JOB_NOT_IN_SPACE
I20260817 15:53:25.118201   110 JobManager.cpp:175] Load an invalid job from space 0 jodId 0
I20260817 15:53:25.119167     1 JobManager.cpp:146] JobManager::shutDown() end
I20260817 15:53:25.119870     1 NebulaStore.cpp:343] Stop the raft service...
I20260817 15:53:25.123155     1 RaftexService.cpp:67] Stopping the raftex service on port 9560
I20260817 15:53:25.124660     1 RaftexService.cpp:77] All partitions have stopped
I20260817 15:53:25.125408     1 NebulaStore.cpp:346] Stop kv engine...
I20260817 15:53:25.127993     1 NebulaStore.cpp:343] Stop the raft service...
I20260817 15:53:25.128556     1 RaftexService.cpp:67] Stopping the raftex service on port 9560
I20260817 15:53:25.129474     1 RaftexService.cpp:77] All partitions have stopped
I20260817 15:53:25.130147     1 NebulaStore.cpp:346] Stop kv engine...
I20260817 15:53:25.130724     1 NebulaStore.cpp:36] Cut off the relationship with meta client
I20260817 15:53:25.132855     1 Part.h:59] [Port: 9560, Space: 0, Part: 0] ~Part()
I20260817 15:53:25.140617     1 RocksEngine.h:247] Release rocksdb on /data/meta/nebula/0
I20260817 15:53:25.169653     1 NebulaStore.cpp:44] ~NebulaStore()
I20260817 15:53:25.171415     1 MetaDaemon.cpp:215] The meta Daemon stopped
I20260817 15:53:25.176869     1 JobManager.cpp:138] JobManager::shutDown() begin
I20260817 15:53:25.184567     1 JobManager.cpp:141] JobManager not running, exit
I20260817 15:53:44.658874     1 MetaDaemon.cpp:137] localhost = "nebula-metad0":9559
I20260817 15:53:44.680348     1 NebulaStore.cpp:48] Start the raft service...
I20260817 15:53:44.683151     1 NebulaSnapshotManager.cpp:25] Send snapshot is rate limited to 10485760 for each part by default
I20260817 15:53:44.776057     1 RaftexService.cpp:46] Start raft service on 9560
I20260817 15:53:44.784824     1 NebulaStore.cpp:82] Scan the local path, and init the spaces_
I20260817 15:53:44.793488     1 NebulaStore.cpp:90] Scan path "/data/meta/nebula/0"
I20260817 15:53:44.795235     1 NebulaStore.cpp:292] Init data from partManager for "nebula-metad0":9559
I20260817 15:53:44.797148     1 NebulaStore.cpp:417] Create data space 0
I20260817 15:53:44.997658    74 RocksEngine.cpp:107] open rocksdb on /data/meta/nebula/0/data
I20260817 15:53:50.042691     1 NebulaStore.cpp:480] Space 0, part 0 has been added, asLearner 0
I20260817 15:53:50.043361     1 NebulaStore.cpp:75] Register handler...
I20260817 15:53:50.043879     1 MetaDaemonInit.cpp:106] Waiting for the leader elected...
I20260817 15:53:50.044358     1 MetaDaemonInit.cpp:118] Leader has not been elected, sleep 1s
I20260817 15:53:51.050349     1 MetaDaemonInit.cpp:153] Get meta version is 4
I20260817 15:53:51.054301     1 MetaDaemonInit.cpp:169] Nebula store init succeeded, clusterId 2557737320329270911
I20260817 15:53:51.055598     1 MetaDaemon.cpp:150] Start http service
I20260817 15:53:51.059903     1 MetaDaemonInit.cpp:226] Starting Meta HTTP Service
I20260817 15:53:51.068953   104 WebService.cpp:124] Web service started on HTTP[19559]
I20260817 15:53:51.070360     1 MetaDaemonInit.cpp:192] Check root user
I20260817 15:53:51.072685     1 RootUserMan.h:35] God user exists
I20260817 15:53:51.082254     1 MetaDaemon.cpp:193] The meta daemon start on "nebula-metad0":9559
I20260817 15:53:51.086223     1 JobManager.cpp:64] JobManager initialized
I20260817 15:53:51.086236   110 JobManager.cpp:150] JobManager::scheduleThread enter
I20260817 15:53:51.540920   132 HBProcessor.cpp:33] Receive heartbeat from "nebula-graphd":9669, role = GRAPH
I20260817 15:53:51.541675   132 HBProcessor.cpp:89] Update host "nebula-graphd":9669 dir info, root path: /usr/local/nebula, data path size: 0
I20260817 15:53:51.608518   132 SessionManagerProcessor.cpp:155] resp session size: 38
I20260817 15:53:51.670593   132 SessionManagerProcessor.cpp:155] resp session size: 38
E20260817 15:53:55.825862   132 AddHostsProcessor.cpp:72] The host "nebula-storaged0":9779 have existed!
I20260817 15:54:00.706111   132 HBProcessor.cpp:33] Receive heartbeat from "nebula-storaged0":9779, role = STORAGE
I20260817 15:54:00.706753   132 HBProcessor.cpp:52] Set clusterId for new host "nebula-storaged0":9779!
I20260817 15:54:00.707396   132 HBProcessor.cpp:89] Update host "nebula-storaged0":9779 dir info, root path: /usr/local/nebula, data path size: 1
I20260817 15:54:00.727470   132 SessionManagerProcessor.cpp:155] resp session size: 38
I20260817 15:54:02.479753   132 HBProcessor.cpp:33] Receive heartbeat from "nebula-graphd":9669, role = GRAPH
I20260817 15:54:03.982463   132 CreateTagIndexProcessor.cpp:169] No type length set : name
I20260817 15:54:11.567312   132 HBProcessor.cpp:33] Receive heartbeat from "nebula-storaged0":9779, role = STORAGE
I20260817 15:54:12.490701   132 HBProcessor.cpp:33] Receive heartbeat from "nebula-graphd":9669, role = GRAPH
I20260817 15:54:12.494424   132 SessionManagerProcessor.cpp:155] resp session size: 49
I20260817 15:54:21.577989   132 HBProcessor.cpp:33] Receive heartbeat from "nebula-storaged0":9779, role = STORAGE
I20260817 15:54:21.582139   132 SessionManagerProcessor.cpp:155] resp session size: 49
I20260817 15:54:22.511409   132 HBProcessor.cpp:33] Receive heartbeat from "nebula-graphd":9669, role = GRAPH
I20260817 15:54:31.601052   132 HBProcessor.cpp:33] Receive heartbeat from "nebula-storaged0":9779, role = STORAGE
I20260817 15:54:32.523689   132 HBProcessor.cpp:33] Receive heartbeat from "nebula-graphd":9669, role = GRAPH
I20260817 15:54:41.608707   132 HBProcessor.cpp:33] Receive heartbeat from "nebula-storaged0":9779, role = STORAGE
I20260817 15:54:42.534313   132 HBProcessor.cpp:33] Receive heartbeat from "nebula-graphd":9669, role = GRAPH
I20260817 15:54:51.611379   132 HBProcessor.cpp:33] Receive heartbeat from "nebula-storaged0":9779, role = STORAGE
I20260817 15:54:52.544456   132 HBProcessor.cpp:33] Receive heartbeat from "nebula-graphd":9669, role = GRAPH
I20260817 15:55:01.615033   132 HBProcessor.cpp:33] Receive heartbeat from "nebula-storaged0":9779, role = STORAGE
I20260817 15:55:02.556170   132 HBProcessor.cpp:33] Receive heartbeat from "nebula-graphd":9669, role = GRAPH
I20260817 15:55:11.620126   132 HBProcessor.cpp:33] Receive heartbeat from "nebula-storaged0":9779, role = STORAGE
I20260817 15:55:12.566370   132 HBProcessor.cpp:33] Receive heartbeat from "nebula-graphd":9669, role = GRAPH
I20260817 15:55:21.630772   132 HBProcessor.cpp:33] Receive heartbeat from "nebula-storaged0":9779, role = STORAGE
I20260817 15:55:22.578548   132 HBProcessor.cpp:33] Receive heartbeat from "nebula-graphd":9669, role = GRAPH
I20260817 15:55:31.643376   132 HBProcessor.cpp:33] Receive heartbeat from "nebula-storaged0":9779, role = STORAGE
I20260817 15:55:32.590550   132 HBProcessor.cpp:33] Receive heartbeat from "nebula-graphd":9669, role = GRAPH
I20260817 15:55:41.655020   132 HBProcessor.cpp:33] Receive heartbeat from "nebula-storaged0":9779, role = STORAGE
I20260817 15:55:42.601101   132 HBProcessor.cpp:33] Receive heartbeat from "nebula-graphd":9669, role = GRAPH
I20260817 15:55:51.667264   132 HBProcessor.cpp:33] Receive heartbeat from "nebula-storaged0":9779, role = STORAGE
I20260817 15:55:52.613448   132 HBProcessor.cpp:33] Receive heartbeat from "nebula-graphd":9669, role = GRAPH
I20260817 15:56:01.671365   132 HBProcessor.cpp:33] Receive heartbeat from "nebula-storaged0":9779, role = STORAGE
I20260817 15:56:02.626427   132 HBProcessor.cpp:33] Receive heartbeat from "nebula-graphd":9669, role = GRAPH
I20260817 15:56:11.675884   132 HBProcessor.cpp:33] Receive heartbeat from "nebula-storaged0":9779, role = STORAGE
I20260817 15:56:12.635743   132 HBProcessor.cpp:33] Receive heartbeat from "nebula-graphd":9669, role = GRAPH
I20260817 15:56:21.684502   132 HBProcessor.cpp:33] Receive heartbeat from "nebula-storaged0":9779, role = STORAGE
I20260817 15:56:22.639604   132 HBProcessor.cpp:33] Receive heartbeat from "nebula-graphd":9669, role = GRAPH
I20260817 15:56:31.692059   132 HBProcessor.cpp:33] Receive heartbeat from "nebula-storaged0":9779, role = STORAGE
I20260817 15:56:32.644367   132 HBProcessor.cpp:33] Receive heartbeat from "nebula-graphd":9669, role = GRAPH
I20260817 15:56:41.702446   132 HBProcessor.cpp:33] Receive heartbeat from "nebula-storaged0":9779, role = STORAGE
I20260817 15:56:42.654608   132 HBProcessor.cpp:33] Receive heartbeat from "nebula-graphd":9669, role = GRAPH
I20260817 15:56:51.722431   132 HBProcessor.cpp:33] Receive heartbeat from "nebula-storaged0":9779, role = STORAGE
I20260817 15:56:52.659904   132 HBProcessor.cpp:33] Receive heartbeat from "nebula-graphd":9669, role = GRAPH
I20260817 15:57:01.733575   132 HBProcessor.cpp:33] Receive heartbeat from "nebula-storaged0":9779, role = STORAGE
I20260817 15:57:02.668355   132 HBProcessor.cpp:33] Receive heartbeat from "nebula-graphd":9669, role = GRAPH
I20260817 15:57:11.737936   132 HBProcessor.cpp:33] Receive heartbeat from "nebula-storaged0":9779, role = STORAGE
I20260817 15:57:12.672319   132 HBProcessor.cpp:33] Receive heartbeat from "nebula-graphd":9669, role = GRAPH
I20260817 15:57:21.740404   132 HBProcessor.cpp:33] Receive heartbeat from "nebula-storaged0":9779, role = STORAGE
I20260817 15:57:22.685034   132 HBProcessor.cpp:33] Receive heartbeat from "nebula-graphd":9669, role = GRAPH
I20260817 15:57:31.752930   132 HBProcessor.cpp:33] Receive heartbeat from "nebula-storaged0":9779, role = STORAGE
I20260817 15:57:32.697085   132 HBProcessor.cpp:33] Receive heartbeat from "nebula-graphd":9669, role = GRAPH
I20260817 15:57:41.758325   132 HBProcessor.cpp:33] Receive heartbeat from "nebula-storaged0":9779, role = STORAGE
I20260817 15:57:42.707026   132 HBProcessor.cpp:33] Receive heartbeat from "nebula-graphd":9669, role = GRAPH
I20260817 15:57:51.767885   132 HBProcessor.cpp:33] Receive heartbeat from "nebula-storaged0":9779, role = STORAGE
I20260817 15:57:52.714848   132 HBProcessor.cpp:33] Receive heartbeat from "nebula-graphd":9669, role = GRAPH
I20260817 15:58:01.780936   132 HBProcessor.cpp:33] Receive heartbeat from "nebula-storaged0":9779, role = STORAGE
I20260817 15:58:02.727026   132 HBProcessor.cpp:33] Receive heartbeat from "nebula-graphd":9669, role = GRAPH
I20260817 15:58:11.787654   132 HBProcessor.cpp:33] Receive heartbeat from "nebula-storaged0":9779, role = STORAGE
I20260817 15:58:12.737141   132 HBProcessor.cpp:33] Receive heartbeat from "nebula-graphd":9669, role = GRAPH
I20260817 15:58:21.800417   132 HBProcessor.cpp:33] Receive heartbeat from "nebula-storaged0":9779, role = STORAGE
I20260817 15:58:22.741024   132 HBProcessor.cpp:33] Receive heartbeat from "nebula-graphd":9669, role = GRAPH
I20260817 15:58:31.812776   132 HBProcessor.cpp:33] Receive heartbeat from "nebula-storaged0":9779, role = STORAGE
I20260817 15:58:32.752936   132 HBProcessor.cpp:33] Receive heartbeat from "nebula-graphd":9669, role = GRAPH
I20260817 15:58:41.818778   132 HBProcessor.cpp:33] Receive heartbeat from "nebula-storaged0":9779, role = STORAGE
I20260817 15:58:42.763605   132 HBProcessor.cpp:33] Receive heartbeat from "nebula-graphd":9669, role = GRAPH
I20260817 15:58:51.824455   132 HBProcessor.cpp:33] Receive heartbeat from "nebula-storaged0":9779, role = STORAGE
I20260817 15:58:52.775875   132 HBProcessor.cpp:33] Receive heartbeat from "nebula-graphd":9669, role = GRAPH
I20260817 15:59:01.830657   132 HBProcessor.cpp:33] Receive heartbeat from "nebula-storaged0":9779, role = STORAGE
I20260817 15:59:02.786213   132 HBProcessor.cpp:33] Receive heartbeat from "nebula-graphd":9669, role = GRAPH
I20260817 15:59:11.841588   132 HBProcessor.cpp:33] Receive heartbeat from "nebula-storaged0":9779, role = STORAGE
I20260817 15:59:12.796748   132 HBProcessor.cpp:33] Receive heartbeat from "nebula-graphd":9669, role = GRAPH
I20260817 15:59:21.854175   132 HBProcessor.cpp:33] Receive heartbeat from "nebula-storaged0":9779, role = STORAGE
I20260817 15:59:22.806100   132 HBProcessor.cpp:33] Receive heartbeat from "nebula-graphd":9669, role = GRAPH
I20260817 15:59:31.866371   132 HBProcessor.cpp:33] Receive heartbeat from "nebula-storaged0":9779, role = STORAGE
I20260817 15:59:32.808660   132 HBProcessor.cpp:33] Receive heartbeat from "nebula-graphd":9669, role = GRAPH
I20260817 15:59:41.876823   132 HBProcessor.cpp:33] Receive heartbeat from "nebula-storaged0":9779, role = STORAGE
I20260817 15:59:42.810921   132 HBProcessor.cpp:33] Receive heartbeat from "nebula-graphd":9669, role = GRAPH
I20260817 15:59:51.888581   132 HBProcessor.cpp:33] Receive heartbeat from "nebula-storaged0":9779, role = STORAGE
I20260817 15:59:52.818904   132 HBProcessor.cpp:33] Receive heartbeat from "nebula-graphd":9669, role = GRAPH
I20260817 16:00:01.895929   132 HBProcessor.cpp:33] Receive heartbeat from "nebula-storaged0":9779, role = STORAGE
I20260817 16:00:02.827765   132 HBProcessor.cpp:33] Receive heartbeat from "nebula-graphd":9669, role = GRAPH
I20260817 16:00:11.906965   132 HBProcessor.cpp:33] Receive heartbeat from "nebula-storaged0":9779, role = STORAGE
I20260817 16:00:12.838469   132 HBProcessor.cpp:33] Receive heartbeat from "nebula-graphd":9669, role = GRAPH
I20260817 16:00:21.919476   132 HBProcessor.cpp:33] Receive heartbeat from "nebula-storaged0":9779, role = STORAGE
I20260817 16:00:22.848024   132 HBProcessor.cpp:33] Receive heartbeat from "nebula-graphd":9669, role = GRAPH
I20260817 16:00:31.931537   132 HBProcessor.cpp:33] Receive heartbeat from "nebula-storaged0":9779, role = STORAGE
I20260817 16:00:32.878208   132 HBProcessor.cpp:33] Receive heartbeat from "nebula-graphd":9669, role = GRAPH
I20260817 16:00:41.941802   132 HBProcessor.cpp:33] Receive heartbeat from "nebula-storaged0":9779, role = STORAGE
I20260817 16:00:42.885658   132 HBProcessor.cpp:33] Receive heartbeat from "nebula-graphd":9669, role = GRAPH
I20260817 16:00:51.952334   132 HBProcessor.cpp:33] Receive heartbeat from "nebula-storaged0":9779, role = STORAGE
I20260817 16:00:52.897794   132 HBProcessor.cpp:33] Receive heartbeat from "nebula-graphd":9669, role = GRAPH
I20260817 16:01:01.958084   132 HBProcessor.cpp:33] Receive heartbeat from "nebula-storaged0":9779, role = STORAGE
I20260817 16:01:02.909889   132 HBProcessor.cpp:33] Receive heartbeat from "nebula-graphd":9669, role = GRAPH
I20260817 16:01:11.960727   132 HBProcessor.cpp:33] Receive heartbeat from "nebula-storaged0":9779, role = STORAGE
I20260817 16:01:12.910048   132 HBProcessor.cpp:33] Receive heartbeat from "nebula-graphd":9669, role = GRAPH
I20260817 16:01:21.963184   132 HBProcessor.cpp:33] Receive heartbeat from "nebula-storaged0":9779, role = STORAGE
I20260817 16:01:22.919736   132 HBProcessor.cpp:33] Receive heartbeat from "nebula-graphd":9669, role = GRAPH
I20260817 16:01:31.975457   132 HBProcessor.cpp:33] Receive heartbeat from "nebula-storaged0":9779, role = STORAGE
I20260817 16:01:32.931747   132 HBProcessor.cpp:33] Receive heartbeat from "nebula-graphd":9669, role = GRAPH
I20260817 16:01:41.983542   132 HBProcessor.cpp:33] Receive heartbeat from "nebula-storaged0":9779, role = STORAGE
I20260817 16:01:42.942265   132 HBProcessor.cpp:33] Receive heartbeat from "nebula-graphd":9669, role = GRAPH
I20260817 16:01:51.996413   132 HBProcessor.cpp:33] Receive heartbeat from "nebula-storaged0":9779, role = STORAGE
I20260817 16:01:52.949939   132 HBProcessor.cpp:33] Receive heartbeat from "nebula-graphd":9669, role = GRAPH
I20260817 16:02:02.008692   132 HBProcessor.cpp:33] Receive heartbeat from "nebula-storaged0":9779, role = STORAGE
I20260817 16:02:02.957134   132 HBProcessor.cpp:33] Receive heartbeat from "nebula-graphd":9669, role = GRAPH
I20260817 16:02:12.019963   132 HBProcessor.cpp:33] Receive heartbeat from "nebula-storaged0":9779, role = STORAGE
I20260817 16:02:12.961855   132 HBProcessor.cpp:33] Receive heartbeat from "nebula-graphd":9669, role = GRAPH
I20260817 16:02:22.032163   132 HBProcessor.cpp:33] Receive heartbeat from "nebula-storaged0":9779, role = STORAGE
I20260817 16:02:22.972755   132 HBProcessor.cpp:33] Receive heartbeat from "nebula-graphd":9669, role = GRAPH
I20260817 16:02:32.044343   132 HBProcessor.cpp:33] Receive heartbeat from "nebula-storaged0":9779, role = STORAGE
I20260817 16:02:32.984820   132 HBProcessor.cpp:33] Receive heartbeat from "nebula-graphd":9669, role = GRAPH
I20260817 16:02:34.624576     1 MetaDaemon.cpp:230] Signal 15(Terminated) received, stopping this server
I20260817 16:02:34.655308     1 JobManager.cpp:138] JobManager::shutDown() begin
I20260817 16:02:34.660612   110 JobManager.cpp:155] Detect shutdown called, exit
I20260817 16:02:34.669507   110 JobDescription.cpp:113] Loading job description failed, error: E_JOB_NOT_IN_SPACE
I20260817 16:02:34.671731   110 JobManager.cpp:175] Load an invalid job from space 0 jodId 0
I20260817 16:02:34.672423     1 JobManager.cpp:146] JobManager::shutDown() end
I20260817 16:02:34.672890     1 NebulaStore.cpp:343] Stop the raft service...
I20260817 16:02:34.676604     1 RaftexService.cpp:67] Stopping the raftex service on port 9560
I20260817 16:02:34.678620     1 RaftexService.cpp:77] All partitions have stopped
I20260817 16:02:34.680780     1 NebulaStore.cpp:346] Stop kv engine...
I20260817 16:02:34.683032     1 NebulaStore.cpp:343] Stop the raft service...
I20260817 16:02:34.683552     1 RaftexService.cpp:67] Stopping the raftex service on port 9560
I20260817 16:02:34.741256     1 RaftexService.cpp:77] All partitions have stopped
I20260817 16:02:34.774628     1 NebulaStore.cpp:346] Stop kv engine...
I20260817 16:02:34.808144     1 NebulaStore.cpp:36] Cut off the relationship with meta client
I20260817 16:02:34.858429     1 Part.h:59] [Port: 9560, Space: 0, Part: 0] ~Part()
I20260817 16:02:34.880666     1 RocksEngine.h:247] Release rocksdb on /data/meta/nebula/0
I20260817 16:02:35.024912     1 NebulaStore.cpp:44] ~NebulaStore()
I20260817 16:02:35.053996     1 MetaDaemon.cpp:215] The meta Daemon stopped
I20260817 16:02:35.063794     1 JobManager.cpp:138] JobManager::shutDown() begin
I20260817 16:02:35.064848     1 JobManager.cpp:141] JobManager not running, exit
I20260817 16:02:52.089610     1 MetaDaemon.cpp:137] localhost = "nebula-metad0":9559
I20260817 16:02:52.112522     1 NebulaStore.cpp:48] Start the raft service...
I20260817 16:02:52.115363     1 NebulaSnapshotManager.cpp:25] Send snapshot is rate limited to 10485760 for each part by default
I20260817 16:02:52.203922     1 RaftexService.cpp:46] Start raft service on 9560
I20260817 16:02:52.209941     1 NebulaStore.cpp:82] Scan the local path, and init the spaces_
I20260817 16:02:52.214907     1 NebulaStore.cpp:90] Scan path "/data/meta/nebula/0"
I20260817 16:02:52.217196     1 NebulaStore.cpp:292] Init data from partManager for "nebula-metad0":9559
I20260817 16:02:52.218586     1 NebulaStore.cpp:417] Create data space 0
I20260817 16:02:52.417958    76 EventListener.h:21] Rocksdb start compaction column family: default because of LevelL0FilesNum, status: OK, compacted 5 files into 0, base level is 0, output level is 1
I20260817 16:02:52.428485    75 RocksEngine.cpp:107] open rocksdb on /data/meta/nebula/0/data
I20260817 16:02:52.451438    76 EventListener.h:35] Rocksdb compaction completed column family: default because of LevelL0FilesNum, status: OK, compacted 5 files into 1, base level is 0, output level is 1
I20260817 16:02:57.628109     1 NebulaStore.cpp:480] Space 0, part 0 has been added, asLearner 0
I20260817 16:02:57.628597     1 NebulaStore.cpp:75] Register handler...
I20260817 16:02:57.629021     1 MetaDaemonInit.cpp:106] Waiting for the leader elected...
I20260817 16:02:57.629499     1 MetaDaemonInit.cpp:118] Leader has not been elected, sleep 1s
I20260817 16:02:58.630811     1 MetaDaemonInit.cpp:153] Get meta version is 4
I20260817 16:02:58.633111     1 MetaDaemonInit.cpp:169] Nebula store init succeeded, clusterId 2557737320329270911
I20260817 16:02:58.634114     1 MetaDaemon.cpp:150] Start http service
I20260817 16:02:58.635510     1 MetaDaemonInit.cpp:226] Starting Meta HTTP Service
I20260817 16:02:58.642489   106 WebService.cpp:124] Web service started on HTTP[19559]
I20260817 16:02:58.643299     1 MetaDaemonInit.cpp:192] Check root user
I20260817 16:02:58.644317     1 RootUserMan.h:35] God user exists
I20260817 16:02:58.649746     1 MetaDaemon.cpp:193] The meta daemon start on "nebula-metad0":9559
I20260817 16:02:58.651762     1 JobManager.cpp:64] JobManager initialized
I20260817 16:02:58.651775   112 JobManager.cpp:150] JobManager::scheduleThread enter
I20260817 16:02:58.846362   133 HBProcessor.cpp:33] Receive heartbeat from "nebula-graphd":9669, role = GRAPH
I20260817 16:02:58.847295   133 HBProcessor.cpp:89] Update host "nebula-graphd":9669 dir info, root path: /usr/local/nebula, data path size: 0
I20260817 16:02:58.886477   133 SessionManagerProcessor.cpp:155] resp session size: 49
I20260817 16:02:58.937234   133 SessionManagerProcessor.cpp:155] resp session size: 49
E20260817 16:03:03.245693   133 AddHostsProcessor.cpp:72] The host "nebula-storaged0":9779 have existed!
I20260817 16:03:08.207566   133 HBProcessor.cpp:33] Receive heartbeat from "nebula-storaged0":9779, role = STORAGE
I20260817 16:03:08.208511   133 HBProcessor.cpp:52] Set clusterId for new host "nebula-storaged0":9779!
I20260817 16:03:08.209502   133 HBProcessor.cpp:89] Update host "nebula-storaged0":9779 dir info, root path: /usr/local/nebula, data path size: 1
I20260817 16:03:08.233377   133 SessionManagerProcessor.cpp:155] resp session size: 49
I20260817 16:03:09.635329   133 HBProcessor.cpp:33] Receive heartbeat from "nebula-graphd":9669, role = GRAPH
I20260817 16:03:10.962235   133 CreateTagProcessor.cpp:87] Create Tag person, TagID 8
I20260817 16:03:14.038607   133 CreateTagIndexProcessor.cpp:169] No type length set : name
I20260817 16:03:16.147414   133 CreateTagIndexProcessor.cpp:169] No type length set : name
I20260817 16:03:18.190419   133 CreateTagIndexProcessor.cpp:169] No type length set : name
I20260817 16:03:18.381352   133 HBProcessor.cpp:33] Receive heartbeat from "nebula-storaged0":9779, role = STORAGE
I20260817 16:03:18.385787   133 SessionManagerProcessor.cpp:155] resp session size: 64
I20260817 16:03:19.645511   133 HBProcessor.cpp:33] Receive heartbeat from "nebula-graphd":9669, role = GRAPH
I20260817 16:03:19.651394   133 SessionManagerProcessor.cpp:155] resp session size: 64
I20260817 16:03:28.404466   133 HBProcessor.cpp:33] Receive heartbeat from "nebula-storaged0":9779, role = STORAGE
I20260817 16:03:28.408807   133 SessionManagerProcessor.cpp:155] resp session size: 64
I20260817 16:03:29.672698   133 HBProcessor.cpp:33] Receive heartbeat from "nebula-graphd":9669, role = GRAPH
I20260817 16:03:38.421238   133 HBProcessor.cpp:33] Receive heartbeat from "nebula-storaged0":9779, role = STORAGE
I20260817 16:03:39.683583   133 HBProcessor.cpp:33] Receive heartbeat from "nebula-graphd":9669, role = GRAPH
I20260817 16:03:48.432286   133 HBProcessor.cpp:33] Receive heartbeat from "nebula-storaged0":9779, role = STORAGE
I20260817 16:03:49.692176   133 HBProcessor.cpp:33] Receive heartbeat from "nebula-graphd":9669, role = GRAPH
I20260817 16:03:58.439610   133 HBProcessor.cpp:33] Receive heartbeat from "nebula-storaged0":9779, role = STORAGE
I20260817 16:03:59.704831   133 HBProcessor.cpp:33] Receive heartbeat from "nebula-graphd":9669, role = GRAPH
I20260817 16:04:08.464301   133 HBProcessor.cpp:33] Receive heartbeat from "nebula-storaged0":9779, role = STORAGE
I20260817 16:04:09.717159   133 HBProcessor.cpp:33] Receive heartbeat from "nebula-graphd":9669, role = GRAPH
I20260817 16:04:18.474853   133 HBProcessor.cpp:33] Receive heartbeat from "nebula-storaged0":9779, role = STORAGE
I20260817 16:04:19.727406   133 HBProcessor.cpp:33] Receive heartbeat from "nebula-graphd":9669, role = GRAPH
I20260817 16:04:21.180151   133 CreateTagIndexProcessor.cpp:169] No type length set : name
I20260817 16:04:23.280539   133 CreateTagIndexProcessor.cpp:169] No type length set : name
I20260817 16:04:25.319605   133 CreateTagIndexProcessor.cpp:169] No type length set : name
I20260817 16:04:28.486939   133 HBProcessor.cpp:33] Receive heartbeat from "nebula-storaged0":9779, role = STORAGE
I20260817 16:04:29.739289   133 HBProcessor.cpp:33] Receive heartbeat from "nebula-graphd":9669, role = GRAPH
I20260817 16:04:38.498929   133 HBProcessor.cpp:33] Receive heartbeat from "nebula-storaged0":9779, role = STORAGE
I20260817 16:04:39.751348   133 HBProcessor.cpp:33] Receive heartbeat from "nebula-graphd":9669, role = GRAPH
I20260817 16:04:48.509696   133 HBProcessor.cpp:33] Receive heartbeat from "nebula-storaged0":9779, role = STORAGE
I20260817 16:04:49.761884   133 HBProcessor.cpp:33] Receive heartbeat from "nebula-graphd":9669, role = GRAPH
I20260817 16:04:58.522223   133 HBProcessor.cpp:33] Receive heartbeat from "nebula-storaged0":9779, role = STORAGE
I20260817 16:04:59.773954   133 HBProcessor.cpp:33] Receive heartbeat from "nebula-graphd":9669, role = GRAPH
I20260817 16:05:08.534732   133 HBProcessor.cpp:33] Receive heartbeat from "nebula-storaged0":9779, role = STORAGE
I20260817 16:05:09.786123   133 HBProcessor.cpp:33] Receive heartbeat from "nebula-graphd":9669, role = GRAPH
I20260817 16:05:18.545557   133 HBProcessor.cpp:33] Receive heartbeat from "nebula-storaged0":9779, role = STORAGE
I20260817 16:05:19.795218   133 HBProcessor.cpp:33] Receive heartbeat from "nebula-graphd":9669, role = GRAPH
I20260817 16:05:28.557976   133 HBProcessor.cpp:33] Receive heartbeat from "nebula-storaged0":9779, role = STORAGE
I20260817 16:05:29.807567   133 HBProcessor.cpp:33] Receive heartbeat from "nebula-graphd":9669, role = GRAPH
I20260817 16:05:38.567795   133 HBProcessor.cpp:33] Receive heartbeat from "nebula-storaged0":9779, role = STORAGE
I20260817 16:05:39.820294   133 HBProcessor.cpp:33] Receive heartbeat from "nebula-graphd":9669, role = GRAPH
I20260817 16:05:48.577733   133 HBProcessor.cpp:33] Receive heartbeat from "nebula-storaged0":9779, role = STORAGE
I20260817 16:05:49.831369   133 HBProcessor.cpp:33] Receive heartbeat from "nebula-graphd":9669, role = GRAPH
I20260817 16:05:58.590438   133 HBProcessor.cpp:33] Receive heartbeat from "nebula-storaged0":9779, role = STORAGE
I20260817 16:05:59.843359   133 HBProcessor.cpp:33] Receive heartbeat from "nebula-graphd":9669, role = GRAPH
I20260817 16:06:08.601501   133 HBProcessor.cpp:33] Receive heartbeat from "nebula-storaged0":9779, role = STORAGE
I20260817 16:06:09.854558   133 HBProcessor.cpp:33] Receive heartbeat from "nebula-graphd":9669, role = GRAPH
I20260817 16:06:18.612246   133 HBProcessor.cpp:33] Receive heartbeat from "nebula-storaged0":9779, role = STORAGE
I20260817 16:06:19.865664   133 HBProcessor.cpp:33] Receive heartbeat from "nebula-graphd":9669, role = GRAPH
I20260817 16:06:28.624145   133 HBProcessor.cpp:33] Receive heartbeat from "nebula-storaged0":9779, role = STORAGE
I20260817 16:06:29.877887   133 HBProcessor.cpp:33] Receive heartbeat from "nebula-graphd":9669, role = GRAPH
I20260817 16:06:38.636118   133 HBProcessor.cpp:33] Receive heartbeat from "nebula-storaged0":9779, role = STORAGE
I20260817 16:06:39.890727   133 HBProcessor.cpp:33] Receive heartbeat from "nebula-graphd":9669, role = GRAPH
I20260817 16:06:48.646726   133 HBProcessor.cpp:33] Receive heartbeat from "nebula-storaged0":9779, role = STORAGE
I20260817 16:06:49.900964   133 HBProcessor.cpp:33] Receive heartbeat from "nebula-graphd":9669, role = GRAPH
I20260817 16:06:58.659531   133 HBProcessor.cpp:33] Receive heartbeat from "nebula-storaged0":9779, role = STORAGE
I20260817 16:06:59.913865   133 HBProcessor.cpp:33] Receive heartbeat from "nebula-graphd":9669, role = GRAPH
I20260817 16:07:08.670203   133 HBProcessor.cpp:33] Receive heartbeat from "nebula-storaged0":9779, role = STORAGE
I20260817 16:07:09.926733   133 HBProcessor.cpp:33] Receive heartbeat from "nebula-graphd":9669, role = GRAPH
I20260817 16:07:18.680904   133 HBProcessor.cpp:33] Receive heartbeat from "nebula-storaged0":9779, role = STORAGE
I20260817 16:07:19.936138   133 HBProcessor.cpp:33] Receive heartbeat from "nebula-graphd":9669, role = GRAPH
I20260817 16:07:28.692934   133 HBProcessor.cpp:33] Receive heartbeat from "nebula-storaged0":9779, role = STORAGE
I20260817 16:07:29.949067   133 HBProcessor.cpp:33] Receive heartbeat from "nebula-graphd":9669, role = GRAPH
I20260817 16:07:38.696197   133 HBProcessor.cpp:33] Receive heartbeat from "nebula-storaged0":9779, role = STORAGE
I20260817 16:07:39.961448   133 HBProcessor.cpp:33] Receive heartbeat from "nebula-graphd":9669, role = GRAPH
I20260817 16:07:48.703289   133 HBProcessor.cpp:33] Receive heartbeat from "nebula-storaged0":9779, role = STORAGE
I20260817 16:07:49.972223   133 HBProcessor.cpp:33] Receive heartbeat from "nebula-graphd":9669, role = GRAPH
I20260817 16:07:58.715440   133 HBProcessor.cpp:33] Receive heartbeat from "nebula-storaged0":9779, role = STORAGE
I20260817 16:07:59.983909   133 HBProcessor.cpp:33] Receive heartbeat from "nebula-graphd":9669, role = GRAPH
I20260817 16:08:08.727833   133 HBProcessor.cpp:33] Receive heartbeat from "nebula-storaged0":9779, role = STORAGE
I20260817 16:08:09.992988   133 HBProcessor.cpp:33] Receive heartbeat from "nebula-graphd":9669, role = GRAPH
I20260817 16:08:18.738071   133 HBProcessor.cpp:33] Receive heartbeat from "nebula-storaged0":9779, role = STORAGE
I20260817 16:08:20.001662   133 HBProcessor.cpp:33] Receive heartbeat from "nebula-graphd":9669, role = GRAPH
I20260817 16:08:28.750196   133 HBProcessor.cpp:33] Receive heartbeat from "nebula-storaged0":9779, role = STORAGE
I20260817 16:08:30.012519   133 HBProcessor.cpp:33] Receive heartbeat from "nebula-graphd":9669, role = GRAPH
I20260817 16:08:38.762130   133 HBProcessor.cpp:33] Receive heartbeat from "nebula-storaged0":9779, role = STORAGE
I20260817 16:08:40.016734   133 HBProcessor.cpp:33] Receive heartbeat from "nebula-graphd":9669, role = GRAPH
I20260817 16:08:48.772972   133 HBProcessor.cpp:33] Receive heartbeat from "nebula-storaged0":9779, role = STORAGE
I20260817 16:08:50.027940   133 HBProcessor.cpp:33] Receive heartbeat from "nebula-graphd":9669, role = GRAPH
I20260817 16:08:58.775776   133 HBProcessor.cpp:33] Receive heartbeat from "nebula-storaged0":9779, role = STORAGE
I20260817 16:09:00.034236   133 HBProcessor.cpp:33] Receive heartbeat from "nebula-graphd":9669, role = GRAPH
I20260817 16:09:08.783121   133 HBProcessor.cpp:33] Receive heartbeat from "nebula-storaged0":9779, role = STORAGE
I20260817 16:09:10.046859   133 HBProcessor.cpp:33] Receive heartbeat from "nebula-graphd":9669, role = GRAPH
I20260817 16:09:18.793624   133 HBProcessor.cpp:33] Receive heartbeat from "nebula-storaged0":9779, role = STORAGE
I20260817 16:09:20.057687   133 HBProcessor.cpp:33] Receive heartbeat from "nebula-graphd":9669, role = GRAPH
I20260817 16:09:28.805490   133 HBProcessor.cpp:33] Receive heartbeat from "nebula-storaged0":9779, role = STORAGE
I20260817 16:09:30.061962   133 HBProcessor.cpp:33] Receive heartbeat from "nebula-graphd":9669, role = GRAPH
I20260817 16:09:38.814575   133 HBProcessor.cpp:33] Receive heartbeat from "nebula-storaged0":9779, role = STORAGE
I20260817 16:09:40.074627   133 HBProcessor.cpp:33] Receive heartbeat from "nebula-graphd":9669, role = GRAPH
I20260817 16:09:48.824844   133 HBProcessor.cpp:33] Receive heartbeat from "nebula-storaged0":9779, role = STORAGE
I20260817 16:09:50.084810   133 HBProcessor.cpp:33] Receive heartbeat from "nebula-graphd":9669, role = GRAPH
I20260817 16:09:58.837025   133 HBProcessor.cpp:33] Receive heartbeat from "nebula-storaged0":9779, role = STORAGE
I20260817 16:10:00.091362   133 HBProcessor.cpp:33] Receive heartbeat from "nebula-graphd":9669, role = GRAPH
I20260817 16:10:08.843238   133 HBProcessor.cpp:33] Receive heartbeat from "nebula-storaged0":9779, role = STORAGE
I20260817 16:10:10.100947   133 HBProcessor.cpp:33] Receive heartbeat from "nebula-graphd":9669, role = GRAPH
I20260817 16:10:18.852438   133 HBProcessor.cpp:33] Receive heartbeat from "nebula-storaged0":9779, role = STORAGE
I20260817 16:10:20.110546   133 HBProcessor.cpp:33] Receive heartbeat from "nebula-graphd":9669, role = GRAPH
I20260817 16:10:28.864111   133 HBProcessor.cpp:33] Receive heartbeat from "nebula-storaged0":9779, role = STORAGE
I20260817 16:10:30.122265   133 HBProcessor.cpp:33] Receive heartbeat from "nebula-graphd":9669, role = GRAPH
I20260817 16:10:38.874869   133 HBProcessor.cpp:33] Receive heartbeat from "nebula-storaged0":9779, role = STORAGE
I20260817 16:10:40.134294   133 HBProcessor.cpp:33] Receive heartbeat from "nebula-graphd":9669, role = GRAPH
I20260817 16:10:48.886107   133 HBProcessor.cpp:33] Receive heartbeat from "nebula-storaged0":9779, role = STORAGE
I20260817 16:10:50.143409   133 HBProcessor.cpp:33] Receive heartbeat from "nebula-graphd":9669, role = GRAPH
I20260817 16:10:58.890694   133 HBProcessor.cpp:33] Receive heartbeat from "nebula-storaged0":9779, role = STORAGE
I20260817 16:11:00.153592   133 HBProcessor.cpp:33] Receive heartbeat from "nebula-graphd":9669, role = GRAPH
I20260817 16:11:08.902638   133 HBProcessor.cpp:33] Receive heartbeat from "nebula-storaged0":9779, role = STORAGE
I20260817 16:11:10.165587   133 HBProcessor.cpp:33] Receive heartbeat from "nebula-graphd":9669, role = GRAPH
I20260817 16:11:18.912317   133 HBProcessor.cpp:33] Receive heartbeat from "nebula-storaged0":9779, role = STORAGE
I20260817 16:11:20.176309   133 HBProcessor.cpp:33] Receive heartbeat from "nebula-graphd":9669, role = GRAPH
I20260817 16:11:28.924727   133 HBProcessor.cpp:33] Receive heartbeat from "nebula-storaged0":9779, role = STORAGE
I20260817 16:11:30.188287   133 HBProcessor.cpp:33] Receive heartbeat from "nebula-graphd":9669, role = GRAPH
I20260817 16:11:38.936216   133 HBProcessor.cpp:33] Receive heartbeat from "nebula-storaged0":9779, role = STORAGE
I20260817 16:11:40.200227   133 HBProcessor.cpp:33] Receive heartbeat from "nebula-graphd":9669, role = GRAPH
I20260817 16:11:48.946826   133 HBProcessor.cpp:33] Receive heartbeat from "nebula-storaged0":9779, role = STORAGE
I20260817 16:11:50.205168   133 HBProcessor.cpp:33] Receive heartbeat from "nebula-graphd":9669, role = GRAPH
I20260817 16:11:58.958760   133 HBProcessor.cpp:33] Receive heartbeat from "nebula-storaged0":9779, role = STORAGE
I20260817 16:12:00.214655   133 HBProcessor.cpp:33] Receive heartbeat from "nebula-graphd":9669, role = GRAPH
I20260817 16:12:08.964920   133 HBProcessor.cpp:33] Receive heartbeat from "nebula-storaged0":9779, role = STORAGE
I20260817 16:12:10.226819   133 HBProcessor.cpp:33] Receive heartbeat from "nebula-graphd":9669, role = GRAPH
I20260817 16:12:18.975461   133 HBProcessor.cpp:33] Receive heartbeat from "nebula-storaged0":9779, role = STORAGE
I20260817 16:12:20.237064   133 HBProcessor.cpp:33] Receive heartbeat from "nebula-graphd":9669, role = GRAPH
I20260817 16:12:28.987763   133 HBProcessor.cpp:33] Receive heartbeat from "nebula-storaged0":9779, role = STORAGE
I20260817 16:12:30.248915   133 HBProcessor.cpp:33] Receive heartbeat from "nebula-graphd":9669, role = GRAPH
I20260817 16:12:39.000216   133 HBProcessor.cpp:33] Receive heartbeat from "nebula-storaged0":9779, role = STORAGE
I20260817 16:12:40.261067   133 HBProcessor.cpp:33] Receive heartbeat from "nebula-graphd":9669, role = GRAPH
I20260817 16:12:49.007566   133 HBProcessor.cpp:33] Receive heartbeat from "nebula-storaged0":9779, role = STORAGE
I20260817 16:12:50.271983   133 HBProcessor.cpp:33] Receive heartbeat from "nebula-graphd":9669, role = GRAPH
I20260817 16:12:59.018296   133 HBProcessor.cpp:33] Receive heartbeat from "nebula-storaged0":9779, role = STORAGE
I20260817 16:13:00.277688   133 HBProcessor.cpp:33] Receive heartbeat from "nebula-graphd":9669, role = GRAPH
I20260817 16:13:09.030421   133 HBProcessor.cpp:33] Receive heartbeat from "nebula-storaged0":9779, role = STORAGE
I20260817 16:13:10.287618   133 HBProcessor.cpp:33] Receive heartbeat from "nebula-graphd":9669, role = GRAPH
I20260817 16:13:19.038347   133 HBProcessor.cpp:33] Receive heartbeat from "nebula-storaged0":9779, role = STORAGE
I20260817 16:13:20.295542   133 HBProcessor.cpp:33] Receive heartbeat from "nebula-graphd":9669, role = GRAPH
I20260817 16:13:29.050926   133 HBProcessor.cpp:33] Receive heartbeat from "nebula-storaged0":9779, role = STORAGE
I20260817 16:13:30.306403   133 HBProcessor.cpp:33] Receive heartbeat from "nebula-graphd":9669, role = GRAPH
I20260817 16:13:39.061024   133 HBProcessor.cpp:33] Receive heartbeat from "nebula-storaged0":9779, role = STORAGE
I20260817 16:13:40.309746   133 HBProcessor.cpp:33] Receive heartbeat from "nebula-graphd":9669, role = GRAPH
I20260817 16:13:49.068187   133 HBProcessor.cpp:33] Receive heartbeat from "nebula-storaged0":9779, role = STORAGE
I20260817 16:13:50.316252   133 HBProcessor.cpp:33] Receive heartbeat from "nebula-graphd":9669, role = GRAPH
I20260817 16:13:59.075364   133 HBProcessor.cpp:33] Receive heartbeat from "nebula-storaged0":9779, role = STORAGE
I20260817 16:14:00.328269   133 HBProcessor.cpp:33] Receive heartbeat from "nebula-graphd":9669, role = GRAPH
I20260817 16:14:09.087576   133 HBProcessor.cpp:33] Receive heartbeat from "nebula-storaged0":9779, role = STORAGE
I20260817 16:14:10.340400   133 HBProcessor.cpp:33] Receive heartbeat from "nebula-graphd":9669, role = GRAPH
I20260817 16:14:19.092432   133 HBProcessor.cpp:33] Receive heartbeat from "nebula-storaged0":9779, role = STORAGE
I20260817 16:14:20.350785   133 HBProcessor.cpp:33] Receive heartbeat from "nebula-graphd":9669, role = GRAPH
I20260817 16:14:20.588088   133 DropSpaceProcessor.cpp:153] Drop space social_network, id 1
I20260817 16:14:29.098083   133 HBProcessor.cpp:33] Receive heartbeat from "nebula-storaged0":9779, role = STORAGE
I20260817 16:14:29.102617   133 SessionManagerProcessor.cpp:155] resp session size: 79
I20260817 16:14:30.363281   133 HBProcessor.cpp:33] Receive heartbeat from "nebula-graphd":9669, role = GRAPH
I20260817 16:14:30.371846   133 SessionManagerProcessor.cpp:155] resp session size: 79
I20260817 16:14:40.403899   133 HBProcessor.cpp:33] Receive heartbeat from "nebula-graphd":9669, role = GRAPH
I20260817 16:14:40.489382   133 HBProcessor.cpp:33] Receive heartbeat from "nebula-storaged0":9779, role = STORAGE
I20260817 16:14:50.414228   133 HBProcessor.cpp:33] Receive heartbeat from "nebula-graphd":9669, role = GRAPH
I20260817 16:14:50.419961   133 SessionManagerProcessor.cpp:155] resp session size: 79
I20260817 16:14:50.501456   133 HBProcessor.cpp:33] Receive heartbeat from "nebula-storaged0":9779, role = STORAGE
I20260817 16:14:50.505023   133 SessionManagerProcessor.cpp:155] resp session size: 79
I20260817 16:15:00.432929   133 HBProcessor.cpp:33] Receive heartbeat from "nebula-graphd":9669, role = GRAPH
I20260817 16:15:00.518601   133 HBProcessor.cpp:33] Receive heartbeat from "nebula-storaged0":9779, role = STORAGE
I20260817 16:15:02.479826     1 MetaDaemon.cpp:230] Signal 15(Terminated) received, stopping this server
I20260817 16:15:02.531517     1 JobManager.cpp:138] JobManager::shutDown() begin
I20260817 16:15:02.541734   112 JobManager.cpp:155] Detect shutdown called, exit
I20260817 16:15:02.544503   112 JobDescription.cpp:113] Loading job description failed, error: E_JOB_NOT_IN_SPACE
I20260817 16:15:02.545395   112 JobManager.cpp:175] Load an invalid job from space 0 jodId 0
I20260817 16:15:02.556860     1 JobManager.cpp:146] JobManager::shutDown() end
I20260817 16:15:02.558945     1 NebulaStore.cpp:343] Stop the raft service...
I20260817 16:15:02.562647     1 RaftexService.cpp:67] Stopping the raftex service on port 9560
I20260817 16:15:02.563656     1 RaftexService.cpp:77] All partitions have stopped
I20260817 16:15:02.564617     1 NebulaStore.cpp:346] Stop kv engine...
I20260817 16:15:02.568324     1 NebulaStore.cpp:343] Stop the raft service...
I20260817 16:15:02.570595     1 RaftexService.cpp:67] Stopping the raftex service on port 9560
I20260817 16:15:02.573462     1 RaftexService.cpp:77] All partitions have stopped
I20260817 16:15:02.575393     1 NebulaStore.cpp:346] Stop kv engine...
I20260817 16:15:02.576936     1 NebulaStore.cpp:36] Cut off the relationship with meta client
I20260817 16:15:02.579874     1 Part.h:59] [Port: 9560, Space: 0, Part: 0] ~Part()
I20260817 16:15:02.596612     1 RocksEngine.h:247] Release rocksdb on /data/meta/nebula/0
I20260817 16:15:02.645174     1 NebulaStore.cpp:44] ~NebulaStore()
I20260817 16:15:02.652945     1 MetaDaemon.cpp:215] The meta Daemon stopped
I20260817 16:15:02.680795     1 JobManager.cpp:138] JobManager::shutDown() begin
I20260817 16:15:02.696805     1 JobManager.cpp:141] JobManager not running, exit
I20260817 16:15:22.233057     1 MetaDaemon.cpp:137] localhost = "nebula-metad0":9559
I20260817 16:15:22.263890     1 NebulaStore.cpp:48] Start the raft service...
I20260817 16:15:22.267349     1 NebulaSnapshotManager.cpp:25] Send snapshot is rate limited to 10485760 for each part by default
I20260817 16:15:22.375559     1 RaftexService.cpp:46] Start raft service on 9560
I20260817 16:15:22.393225     1 NebulaStore.cpp:82] Scan the local path, and init the spaces_
I20260817 16:15:22.397595     1 NebulaStore.cpp:90] Scan path "/data/meta/nebula/0"
I20260817 16:15:22.398175     1 NebulaStore.cpp:292] Init data from partManager for "nebula-metad0":9559
I20260817 16:15:22.398675     1 NebulaStore.cpp:417] Create data space 0
I20260817 16:15:22.640116    74 RocksEngine.cpp:107] open rocksdb on /data/meta/nebula/0/data
I20260817 16:15:29.206647     1 NebulaStore.cpp:480] Space 0, part 0 has been added, asLearner 0
I20260817 16:15:29.207191     1 NebulaStore.cpp:75] Register handler...
I20260817 16:15:29.207657     1 MetaDaemonInit.cpp:106] Waiting for the leader elected...
I20260817 16:15:29.208328     1 MetaDaemonInit.cpp:118] Leader has not been elected, sleep 1s
I20260817 16:15:30.209421     1 MetaDaemonInit.cpp:153] Get meta version is 4
I20260817 16:15:30.210152     1 MetaDaemonInit.cpp:169] Nebula store init succeeded, clusterId 2557737320329270911
I20260817 16:15:30.210549     1 MetaDaemon.cpp:150] Start http service
I20260817 16:15:30.211441     1 MetaDaemonInit.cpp:226] Starting Meta HTTP Service
I20260817 16:15:30.216223   104 WebService.cpp:124] Web service started on HTTP[19559]
I20260817 16:15:30.216656     1 MetaDaemonInit.cpp:192] Check root user
I20260817 16:15:30.217401     1 RootUserMan.h:35] God user exists
I20260817 16:15:30.220645     1 MetaDaemon.cpp:193] The meta daemon start on "nebula-metad0":9559
I20260817 16:15:30.221320     1 JobManager.cpp:64] JobManager initialized
I20260817 16:15:30.221342   110 JobManager.cpp:150] JobManager::scheduleThread enter
I20260817 16:15:30.300822   132 HBProcessor.cpp:33] Receive heartbeat from "nebula-storaged0":9779, role = STORAGE
I20260817 16:15:30.301291   132 HBProcessor.cpp:52] Set clusterId for new host "nebula-storaged0":9779!
I20260817 16:15:30.301645   132 HBProcessor.cpp:89] Update host "nebula-storaged0":9779 dir info, root path: /usr/local/nebula, data path size: 1
I20260817 16:15:30.322265   132 SessionManagerProcessor.cpp:155] resp session size: 79
I20260817 16:15:33.300848   132 HBProcessor.cpp:33] Receive heartbeat from "nebula-graphd":9669, role = GRAPH
I20260817 16:15:33.301491   132 HBProcessor.cpp:89] Update host "nebula-graphd":9669 dir info, root path: /usr/local/nebula, data path size: 0
I20260817 16:15:33.344422   132 SessionManagerProcessor.cpp:155] resp session size: 79
I20260817 16:15:33.360807   132 SessionManagerProcessor.cpp:155] resp session size: 79
E20260817 16:15:38.527412   132 AddHostsProcessor.cpp:72] The host "nebula-storaged0":9779 have existed!
I20260817 16:15:40.441134   132 HBProcessor.cpp:33] Receive heartbeat from "nebula-storaged0":9779, role = STORAGE
I20260817 16:15:43.935487   132 HBProcessor.cpp:33] Receive heartbeat from "nebula-graphd":9669, role = GRAPH
W20260817 16:15:46.398038   132 CreateSpaceProcessor.cpp:214] Host "storaged0":9779 expired
I20260817 16:15:46.399284   132 CreateSpaceProcessor.cpp:276] Create space social_network
I20260817 16:15:50.475087   132 HBProcessor.cpp:33] Receive heartbeat from "nebula-storaged0":9779, role = STORAGE
I20260817 16:15:50.484376   132 SessionManagerProcessor.cpp:155] resp session size: 86
I20260817 16:15:53.946954   132 HBProcessor.cpp:33] Receive heartbeat from "nebula-graphd":9669, role = GRAPH
I20260817 16:15:53.950399   132 SessionManagerProcessor.cpp:155] resp session size: 90
I20260817 16:15:54.837121   132 CreateTagProcessor.cpp:87] Create Tag person, TagID 3
I20260817 16:15:54.868219   132 CreateTagProcessor.cpp:87] Create Tag post, TagID 4
I20260817 16:15:54.900455   132 CreateTagProcessor.cpp:87] Create Tag comment, TagID 5
I20260817 16:15:54.936782   132 CreateEdgeProcessor.cpp:86] Create Edge follows, edgeType 6
I20260817 16:15:54.976217   132 CreateEdgeProcessor.cpp:86] Create Edge authored, edgeType 7
I20260817 16:15:55.011130   132 CreateEdgeProcessor.cpp:86] Create Edge replied, edgeType 8
I20260817 16:15:55.046553   132 CreateTagIndexProcessor.cpp:169] No type length set : name
I20260817 16:15:58.120958   132 CreateTagIndexProcessor.cpp:169] No type length set : name
I20260817 16:16:01.166075   132 CreateTagIndexProcessor.cpp:169] No type length set : name
I20260817 16:16:01.178045   132 HBProcessor.cpp:33] Receive heartbeat from "nebula-storaged0":9779, role = STORAGE
I20260817 16:16:01.182677   132 SessionManagerProcessor.cpp:155] resp session size: 116
I20260817 16:16:03.965837   132 HBProcessor.cpp:33] Receive heartbeat from "nebula-graphd":9669, role = GRAPH
I20260817 16:16:03.970054   132 SessionManagerProcessor.cpp:155] resp session size: 116
I20260817 16:16:04.200078   132 CreateTagIndexProcessor.cpp:169] No type length set : name
I20260817 16:16:07.238898   132 CreateTagIndexProcessor.cpp:169] No type length set : name
I20260817 16:16:11.199028   132 HBProcessor.cpp:33] Receive heartbeat from "nebula-storaged0":9779, role = STORAGE
I20260817 16:16:11.202915   132 SessionManagerProcessor.cpp:155] resp session size: 118
I20260817 16:16:13.986996   132 HBProcessor.cpp:33] Receive heartbeat from "nebula-graphd":9669, role = GRAPH
I20260817 16:16:21.220119   132 HBProcessor.cpp:33] Receive heartbeat from "nebula-storaged0":9779, role = STORAGE
I20260817 16:16:23.999006   132 HBProcessor.cpp:33] Receive heartbeat from "nebula-graphd":9669, role = GRAPH
I20260817 16:16:31.232484   132 HBProcessor.cpp:33] Receive heartbeat from "nebula-storaged0":9779, role = STORAGE
I20260817 16:16:34.008077   132 HBProcessor.cpp:33] Receive heartbeat from "nebula-graphd":9669, role = GRAPH
I20260817 16:16:41.243357   132 HBProcessor.cpp:33] Receive heartbeat from "nebula-storaged0":9779, role = STORAGE
I20260817 16:16:44.013568   130 HBProcessor.cpp:33] Receive heartbeat from "nebula-graphd":9669, role = GRAPH
I20260817 16:16:51.255393   130 HBProcessor.cpp:33] Receive heartbeat from "nebula-storaged0":9779, role = STORAGE
I20260817 16:16:54.025380   130 HBProcessor.cpp:33] Receive heartbeat from "nebula-graphd":9669, role = GRAPH
I20260817 16:17:01.267305   130 HBProcessor.cpp:33] Receive heartbeat from "nebula-storaged0":9779, role = STORAGE
I20260817 16:17:04.037132   130 HBProcessor.cpp:33] Receive heartbeat from "nebula-graphd":9669, role = GRAPH
I20260817 16:17:11.278301   130 HBProcessor.cpp:33] Receive heartbeat from "nebula-storaged0":9779, role = STORAGE
I20260817 16:17:14.047611   130 HBProcessor.cpp:33] Receive heartbeat from "nebula-graphd":9669, role = GRAPH
I20260817 16:17:21.290279   130 HBProcessor.cpp:33] Receive heartbeat from "nebula-storaged0":9779, role = STORAGE
I20260817 16:17:24.057271   130 HBProcessor.cpp:33] Receive heartbeat from "nebula-graphd":9669, role = GRAPH
I20260817 16:17:31.302507   130 HBProcessor.cpp:33] Receive heartbeat from "nebula-storaged0":9779, role = STORAGE
I20260817 16:17:34.065171   130 HBProcessor.cpp:33] Receive heartbeat from "nebula-graphd":9669, role = GRAPH
I20260817 16:17:41.313051   130 HBProcessor.cpp:33] Receive heartbeat from "nebula-storaged0":9779, role = STORAGE
I20260817 16:17:44.075338   130 HBProcessor.cpp:33] Receive heartbeat from "nebula-graphd":9669, role = GRAPH
I20260817 16:17:51.325341   130 HBProcessor.cpp:33] Receive heartbeat from "nebula-storaged0":9779, role = STORAGE
I20260817 16:17:54.087597   130 HBProcessor.cpp:33] Receive heartbeat from "nebula-graphd":9669, role = GRAPH
I20260817 16:18:01.328478   130 HBProcessor.cpp:33] Receive heartbeat from "nebula-storaged0":9779, role = STORAGE
I20260817 16:18:04.096073   130 HBProcessor.cpp:33] Receive heartbeat from "nebula-graphd":9669, role = GRAPH
I20260817 16:18:11.330211   130 HBProcessor.cpp:33] Receive heartbeat from "nebula-storaged0":9779, role = STORAGE
I20260817 16:18:14.106300   130 HBProcessor.cpp:33] Receive heartbeat from "nebula-graphd":9669, role = GRAPH
I20260817 16:18:21.342902   130 HBProcessor.cpp:33] Receive heartbeat from "nebula-storaged0":9779, role = STORAGE
I20260817 16:18:23.594800   130 DropSpaceProcessor.cpp:153] Drop space social_network, id 2
I20260817 16:18:24.110132   130 HBProcessor.cpp:33] Receive heartbeat from "nebula-graphd":9669, role = GRAPH
I20260817 16:18:24.114370   130 SessionManagerProcessor.cpp:155] resp session size: 119
I20260817 16:18:31.347421   130 HBProcessor.cpp:33] Receive heartbeat from "nebula-storaged0":9779, role = STORAGE
I20260817 16:18:31.353113   130 SessionManagerProcessor.cpp:155] resp session size: 119
I20260817 16:18:33.735576     1 MetaDaemon.cpp:230] Signal 15(Terminated) received, stopping this server
I20260817 16:18:33.791509     1 JobManager.cpp:138] JobManager::shutDown() begin
I20260817 16:18:33.794170   110 JobManager.cpp:155] Detect shutdown called, exit
I20260817 16:18:33.795198   110 JobDescription.cpp:113] Loading job description failed, error: E_JOB_NOT_IN_SPACE
I20260817 16:18:33.795835   110 JobManager.cpp:175] Load an invalid job from space 0 jodId 0
I20260817 16:18:33.796875     1 JobManager.cpp:146] JobManager::shutDown() end
I20260817 16:18:33.797590     1 NebulaStore.cpp:343] Stop the raft service...
I20260817 16:18:33.798157     1 RaftexService.cpp:67] Stopping the raftex service on port 9560
I20260817 16:18:33.798669     1 RaftexService.cpp:77] All partitions have stopped
I20260817 16:18:33.799206     1 NebulaStore.cpp:346] Stop kv engine...
I20260817 16:18:33.800787     1 NebulaStore.cpp:343] Stop the raft service...
I20260817 16:18:33.801381     1 RaftexService.cpp:67] Stopping the raftex service on port 9560
I20260817 16:18:33.802148     1 RaftexService.cpp:77] All partitions have stopped
I20260817 16:18:33.802989     1 NebulaStore.cpp:346] Stop kv engine...
I20260817 16:18:33.803628     1 NebulaStore.cpp:36] Cut off the relationship with meta client
I20260817 16:18:33.805543     1 Part.h:59] [Port: 9560, Space: 0, Part: 0] ~Part()
I20260817 16:18:33.812878     1 RocksEngine.h:247] Release rocksdb on /data/meta/nebula/0
I20260817 16:18:33.829480     1 NebulaStore.cpp:44] ~NebulaStore()
I20260817 16:18:33.830211     1 MetaDaemon.cpp:215] The meta Daemon stopped
I20260817 16:18:33.834093     1 JobManager.cpp:138] JobManager::shutDown() begin
I20260817 16:18:33.848352     1 JobManager.cpp:141] JobManager not running, exit
I20260817 16:18:50.225878     1 MetaDaemon.cpp:137] localhost = "nebula-metad0":9559
I20260817 16:18:50.262202     1 NebulaStore.cpp:48] Start the raft service...
I20260817 16:18:50.271349     1 NebulaSnapshotManager.cpp:25] Send snapshot is rate limited to 10485760 for each part by default
I20260817 16:18:50.360303     1 RaftexService.cpp:46] Start raft service on 9560
I20260817 16:18:50.366931     1 NebulaStore.cpp:82] Scan the local path, and init the spaces_
I20260817 16:18:50.372217     1 NebulaStore.cpp:90] Scan path "/data/meta/nebula/0"
I20260817 16:18:50.373184     1 NebulaStore.cpp:292] Init data from partManager for "nebula-metad0":9559
I20260817 16:18:50.373823     1 NebulaStore.cpp:417] Create data space 0
I20260817 16:18:50.710170    74 RocksEngine.cpp:107] open rocksdb on /data/meta/nebula/0/data
I20260817 16:18:57.210642     1 NebulaStore.cpp:480] Space 0, part 0 has been added, asLearner 0
I20260817 16:18:57.211844     1 NebulaStore.cpp:75] Register handler...
I20260817 16:18:57.212352     1 MetaDaemonInit.cpp:106] Waiting for the leader elected...
I20260817 16:18:57.212952     1 MetaDaemonInit.cpp:118] Leader has not been elected, sleep 1s
I20260817 16:18:58.214195     1 MetaDaemonInit.cpp:153] Get meta version is 4
I20260817 16:18:58.215359     1 MetaDaemonInit.cpp:169] Nebula store init succeeded, clusterId 2557737320329270911
I20260817 16:18:58.215975     1 MetaDaemon.cpp:150] Start http service
I20260817 16:18:58.217286     1 MetaDaemonInit.cpp:226] Starting Meta HTTP Service
I20260817 16:18:58.223484   104 WebService.cpp:124] Web service started on HTTP[19559]
I20260817 16:18:58.224387     1 MetaDaemonInit.cpp:192] Check root user
I20260817 16:18:58.225378     1 RootUserMan.h:35] God user exists
I20260817 16:18:58.230796     1 MetaDaemon.cpp:193] The meta daemon start on "nebula-metad0":9559
I20260817 16:18:58.231825     1 JobManager.cpp:64] JobManager initialized
I20260817 16:18:58.231841   110 JobManager.cpp:150] JobManager::scheduleThread enter
I20260817 16:18:58.707988   132 HBProcessor.cpp:33] Receive heartbeat from "nebula-graphd":9669, role = GRAPH
I20260817 16:18:58.708771   132 HBProcessor.cpp:89] Update host "nebula-graphd":9669 dir info, root path: /usr/local/nebula, data path size: 0
I20260817 16:18:58.750280   132 SessionManagerProcessor.cpp:155] resp session size: 118
I20260817 16:18:58.768219   132 SessionManagerProcessor.cpp:155] resp session size: 118
E20260817 16:19:02.042937   132 AddHostsProcessor.cpp:72] The host "nebula-storaged0":9779 have existed!
I20260817 16:19:06.709110   132 HBProcessor.cpp:33] Receive heartbeat from "nebula-storaged0":9779, role = STORAGE
I20260817 16:19:06.709703   132 HBProcessor.cpp:52] Set clusterId for new host "nebula-storaged0":9779!
I20260817 16:19:06.710171   132 HBProcessor.cpp:89] Update host "nebula-storaged0":9779 dir info, root path: /usr/local/nebula, data path size: 1
I20260817 16:19:06.730468   132 SessionManagerProcessor.cpp:155] resp session size: 118
I20260817 16:19:08.867626   132 HBProcessor.cpp:33] Receive heartbeat from "nebula-graphd":9669, role = GRAPH
W20260817 16:19:09.948304   132 CreateSpaceProcessor.cpp:214] Host "storaged0":9779 expired
I20260817 16:19:09.949041   132 CreateSpaceProcessor.cpp:276] Create space social_network
I20260817 16:19:17.476643   132 HBProcessor.cpp:33] Receive heartbeat from "nebula-storaged0":9779, role = STORAGE
I20260817 16:19:17.489138   132 SessionManagerProcessor.cpp:155] resp session size: 129
I20260817 16:19:18.878737   132 HBProcessor.cpp:33] Receive heartbeat from "nebula-graphd":9669, role = GRAPH
I20260817 16:19:18.885641   132 SessionManagerProcessor.cpp:155] resp session size: 130
I20260817 16:19:19.377797   132 CreateTagProcessor.cpp:87] Create Tag person, TagID 4
I20260817 16:19:19.415551   132 CreateTagProcessor.cpp:87] Create Tag post, TagID 5
I20260817 16:19:19.518493   132 CreateTagProcessor.cpp:87] Create Tag comment, TagID 6
I20260817 16:19:19.590827   132 CreateEdgeProcessor.cpp:86] Create Edge follows, edgeType 7
I20260817 16:19:19.629565   132 CreateEdgeProcessor.cpp:86] Create Edge authored, edgeType 8
I20260817 16:19:19.692325   132 CreateEdgeProcessor.cpp:86] Create Edge replied, edgeType 9
I20260817 16:19:28.184695   132 HBProcessor.cpp:33] Receive heartbeat from "nebula-storaged0":9779, role = STORAGE
I20260817 16:19:28.189743   132 SessionManagerProcessor.cpp:155] resp session size: 153
I20260817 16:19:28.905490   132 HBProcessor.cpp:33] Receive heartbeat from "nebula-graphd":9669, role = GRAPH
I20260817 16:19:28.910032   132 SessionManagerProcessor.cpp:155] resp session size: 153
I20260817 16:19:38.208232   132 HBProcessor.cpp:33] Receive heartbeat from "nebula-storaged0":9779, role = STORAGE
I20260817 16:19:38.212385   132 SessionManagerProcessor.cpp:155] resp session size: 153
I20260817 16:19:38.926819   132 HBProcessor.cpp:33] Receive heartbeat from "nebula-graphd":9669, role = GRAPH
I20260817 16:19:48.228565   132 HBProcessor.cpp:33] Receive heartbeat from "nebula-storaged0":9779, role = STORAGE
I20260817 16:19:48.936689   132 HBProcessor.cpp:33] Receive heartbeat from "nebula-graphd":9669, role = GRAPH
I20260817 16:19:58.240694   132 HBProcessor.cpp:33] Receive heartbeat from "nebula-storaged0":9779, role = STORAGE
I20260817 16:19:58.948529   132 HBProcessor.cpp:33] Receive heartbeat from "nebula-graphd":9669, role = GRAPH
I20260817 16:20:08.253304   132 HBProcessor.cpp:33] Receive heartbeat from "nebula-storaged0":9779, role = STORAGE
I20260817 16:20:08.958145   132 HBProcessor.cpp:33] Receive heartbeat from "nebula-graphd":9669, role = GRAPH
I20260817 16:20:18.262441   132 HBProcessor.cpp:33] Receive heartbeat from "nebula-storaged0":9779, role = STORAGE
I20260817 16:20:18.968828   132 HBProcessor.cpp:33] Receive heartbeat from "nebula-graphd":9669, role = GRAPH
I20260817 16:20:28.269444   132 HBProcessor.cpp:33] Receive heartbeat from "nebula-storaged0":9779, role = STORAGE
I20260817 16:20:28.980744   132 HBProcessor.cpp:33] Receive heartbeat from "nebula-graphd":9669, role = GRAPH
I20260817 16:20:38.278594   132 HBProcessor.cpp:33] Receive heartbeat from "nebula-storaged0":9779, role = STORAGE
I20260817 16:20:38.992944   132 HBProcessor.cpp:33] Receive heartbeat from "nebula-graphd":9669, role = GRAPH
I20260817 16:20:48.290330   132 HBProcessor.cpp:33] Receive heartbeat from "nebula-storaged0":9779, role = STORAGE
I20260817 16:20:49.005630   132 HBProcessor.cpp:33] Receive heartbeat from "nebula-graphd":9669, role = GRAPH
I20260817 16:20:58.294317   132 HBProcessor.cpp:33] Receive heartbeat from "nebula-storaged0":9779, role = STORAGE
I20260817 16:20:59.017640   132 HBProcessor.cpp:33] Receive heartbeat from "nebula-graphd":9669, role = GRAPH
I20260817 16:21:08.306394   132 HBProcessor.cpp:33] Receive heartbeat from "nebula-storaged0":9779, role = STORAGE
I20260817 16:21:09.029874   132 HBProcessor.cpp:33] Receive heartbeat from "nebula-graphd":9669, role = GRAPH
I20260817 16:21:18.316905   132 HBProcessor.cpp:33] Receive heartbeat from "nebula-storaged0":9779, role = STORAGE
I20260817 16:21:19.040422   132 HBProcessor.cpp:33] Receive heartbeat from "nebula-graphd":9669, role = GRAPH
I20260817 16:21:28.320833   132 HBProcessor.cpp:33] Receive heartbeat from "nebula-storaged0":9779, role = STORAGE
I20260817 16:21:29.052596   132 HBProcessor.cpp:33] Receive heartbeat from "nebula-graphd":9669, role = GRAPH
I20260817 16:21:38.333045   132 HBProcessor.cpp:33] Receive heartbeat from "nebula-storaged0":9779, role = STORAGE
I20260817 16:21:39.064522   132 HBProcessor.cpp:33] Receive heartbeat from "nebula-graphd":9669, role = GRAPH
I20260817 16:21:48.343660   132 HBProcessor.cpp:33] Receive heartbeat from "nebula-storaged0":9779, role = STORAGE
I20260817 16:21:49.075102   132 HBProcessor.cpp:33] Receive heartbeat from "nebula-graphd":9669, role = GRAPH
I20260817 16:21:53.111866   132 CreateTagIndexProcessor.cpp:169] No type length set : name
I20260817 16:21:58.355623   132 HBProcessor.cpp:33] Receive heartbeat from "nebula-storaged0":9779, role = STORAGE
I20260817 16:21:59.086969   132 HBProcessor.cpp:33] Receive heartbeat from "nebula-graphd":9669, role = GRAPH
I20260817 16:22:08.367661   132 HBProcessor.cpp:33] Receive heartbeat from "nebula-storaged0":9779, role = STORAGE
I20260817 16:22:09.098846   132 HBProcessor.cpp:33] Receive heartbeat from "nebula-graphd":9669, role = GRAPH
I20260817 16:22:18.371347   132 HBProcessor.cpp:33] Receive heartbeat from "nebula-storaged0":9779, role = STORAGE
I20260817 16:22:19.112104   132 HBProcessor.cpp:33] Receive heartbeat from "nebula-graphd":9669, role = GRAPH
I20260817 16:22:28.380339   132 HBProcessor.cpp:33] Receive heartbeat from "nebula-storaged0":9779, role = STORAGE
I20260817 16:22:29.120723   132 HBProcessor.cpp:33] Receive heartbeat from "nebula-graphd":9669, role = GRAPH
I20260817 16:22:38.393004   132 HBProcessor.cpp:33] Receive heartbeat from "nebula-storaged0":9779, role = STORAGE
I20260817 16:22:39.124514   132 HBProcessor.cpp:33] Receive heartbeat from "nebula-graphd":9669, role = GRAPH
I20260817 16:22:48.403868   132 HBProcessor.cpp:33] Receive heartbeat from "nebula-storaged0":9779, role = STORAGE
I20260817 16:22:49.135296   132 HBProcessor.cpp:33] Receive heartbeat from "nebula-graphd":9669, role = GRAPH
I20260817 16:22:58.407611   132 HBProcessor.cpp:33] Receive heartbeat from "nebula-storaged0":9779, role = STORAGE
I20260817 16:22:59.147441   132 HBProcessor.cpp:33] Receive heartbeat from "nebula-graphd":9669, role = GRAPH
I20260817 16:23:08.419575   132 HBProcessor.cpp:33] Receive heartbeat from "nebula-storaged0":9779, role = STORAGE
I20260817 16:23:09.155531   132 HBProcessor.cpp:33] Receive heartbeat from "nebula-graphd":9669, role = GRAPH
I20260817 16:23:18.427896   132 HBProcessor.cpp:33] Receive heartbeat from "nebula-storaged0":9779, role = STORAGE
I20260817 16:23:19.165556   132 HBProcessor.cpp:33] Receive heartbeat from "nebula-graphd":9669, role = GRAPH
I20260817 16:23:28.439769   132 HBProcessor.cpp:33] Receive heartbeat from "nebula-storaged0":9779, role = STORAGE
I20260817 16:23:29.177554   132 HBProcessor.cpp:33] Receive heartbeat from "nebula-graphd":9669, role = GRAPH
I20260817 16:23:38.452167   132 HBProcessor.cpp:33] Receive heartbeat from "nebula-storaged0":9779, role = STORAGE
I20260817 16:23:39.189628   132 HBProcessor.cpp:33] Receive heartbeat from "nebula-graphd":9669, role = GRAPH
I20260817 16:23:48.462994   132 HBProcessor.cpp:33] Receive heartbeat from "nebula-storaged0":9779, role = STORAGE
I20260817 16:23:49.200263   132 HBProcessor.cpp:33] Receive heartbeat from "nebula-graphd":9669, role = GRAPH
I20260817 16:23:58.472368   132 HBProcessor.cpp:33] Receive heartbeat from "nebula-storaged0":9779, role = STORAGE
I20260817 16:23:59.207978   132 HBProcessor.cpp:33] Receive heartbeat from "nebula-graphd":9669, role = GRAPH
I20260817 16:24:08.484628   132 HBProcessor.cpp:33] Receive heartbeat from "nebula-storaged0":9779, role = STORAGE
I20260817 16:24:09.219978   132 HBProcessor.cpp:33] Receive heartbeat from "nebula-graphd":9669, role = GRAPH
I20260817 16:24:18.495322   132 HBProcessor.cpp:33] Receive heartbeat from "nebula-storaged0":9779, role = STORAGE
I20260817 16:24:19.225582   132 HBProcessor.cpp:33] Receive heartbeat from "nebula-graphd":9669, role = GRAPH
I20260817 16:24:28.513115   132 HBProcessor.cpp:33] Receive heartbeat from "nebula-storaged0":9779, role = STORAGE
I20260817 16:24:29.237457   132 HBProcessor.cpp:33] Receive heartbeat from "nebula-graphd":9669, role = GRAPH
I20260817 16:24:38.525372   132 HBProcessor.cpp:33] Receive heartbeat from "nebula-storaged0":9779, role = STORAGE
I20260817 16:24:39.249372   132 HBProcessor.cpp:33] Receive heartbeat from "nebula-graphd":9669, role = GRAPH
I20260817 16:24:48.535902   132 HBProcessor.cpp:33] Receive heartbeat from "nebula-storaged0":9779, role = STORAGE
I20260817 16:24:49.259192   132 HBProcessor.cpp:33] Receive heartbeat from "nebula-graphd":9669, role = GRAPH
I20260817 16:24:58.541275   132 HBProcessor.cpp:33] Receive heartbeat from "nebula-storaged0":9779, role = STORAGE
I20260817 16:24:59.270807   132 HBProcessor.cpp:33] Receive heartbeat from "nebula-graphd":9669, role = GRAPH
I20260817 16:25:08.553422   132 HBProcessor.cpp:33] Receive heartbeat from "nebula-storaged0":9779, role = STORAGE
I20260817 16:25:09.282794   132 HBProcessor.cpp:33] Receive heartbeat from "nebula-graphd":9669, role = GRAPH
I20260817 16:25:18.564405   132 HBProcessor.cpp:33] Receive heartbeat from "nebula-storaged0":9779, role = STORAGE
I20260817 16:25:19.291440   132 HBProcessor.cpp:33] Receive heartbeat from "nebula-graphd":9669, role = GRAPH
I20260817 16:25:28.569315   132 HBProcessor.cpp:33] Receive heartbeat from "nebula-storaged0":9779, role = STORAGE
I20260817 16:25:29.303607   132 HBProcessor.cpp:33] Receive heartbeat from "nebula-graphd":9669, role = GRAPH
I20260817 16:25:38.581506   132 HBProcessor.cpp:33] Receive heartbeat from "nebula-storaged0":9779, role = STORAGE
I20260817 16:25:39.315580   132 HBProcessor.cpp:33] Receive heartbeat from "nebula-graphd":9669, role = GRAPH
I20260817 16:25:48.591759   132 HBProcessor.cpp:33] Receive heartbeat from "nebula-storaged0":9779, role = STORAGE
I20260817 16:25:49.319077   132 HBProcessor.cpp:33] Receive heartbeat from "nebula-graphd":9669, role = GRAPH
I20260817 16:25:58.603703   132 HBProcessor.cpp:33] Receive heartbeat from "nebula-storaged0":9779, role = STORAGE
I20260817 16:25:59.331022   132 HBProcessor.cpp:33] Receive heartbeat from "nebula-graphd":9669, role = GRAPH
I20260817 16:26:08.616231   132 HBProcessor.cpp:33] Receive heartbeat from "nebula-storaged0":9779, role = STORAGE
I20260817 16:26:09.342895   132 HBProcessor.cpp:33] Receive heartbeat from "nebula-graphd":9669, role = GRAPH
I20260817 16:26:18.625450   132 HBProcessor.cpp:33] Receive heartbeat from "nebula-storaged0":9779, role = STORAGE
I20260817 16:26:19.345986   132 HBProcessor.cpp:33] Receive heartbeat from "nebula-graphd":9669, role = GRAPH
I20260817 16:26:28.637473   132 HBProcessor.cpp:33] Receive heartbeat from "nebula-storaged0":9779, role = STORAGE
I20260817 16:26:29.351481   132 HBProcessor.cpp:33] Receive heartbeat from "nebula-graphd":9669, role = GRAPH
I20260817 16:26:38.648499   132 HBProcessor.cpp:33] Receive heartbeat from "nebula-storaged0":9779, role = STORAGE
I20260817 16:26:39.358227   132 HBProcessor.cpp:33] Receive heartbeat from "nebula-graphd":9669, role = GRAPH
I20260817 16:26:48.660207   132 HBProcessor.cpp:33] Receive heartbeat from "nebula-storaged0":9779, role = STORAGE
I20260817 16:26:49.363376   132 HBProcessor.cpp:33] Receive heartbeat from "nebula-graphd":9669, role = GRAPH
I20260817 16:26:58.672112   132 HBProcessor.cpp:33] Receive heartbeat from "nebula-storaged0":9779, role = STORAGE
I20260817 16:26:59.375223   132 HBProcessor.cpp:33] Receive heartbeat from "nebula-graphd":9669, role = GRAPH
I20260817 16:27:08.684165   132 HBProcessor.cpp:33] Receive heartbeat from "nebula-storaged0":9779, role = STORAGE
I20260817 16:27:09.387053   132 HBProcessor.cpp:33] Receive heartbeat from "nebula-graphd":9669, role = GRAPH
I20260817 16:27:18.694619   132 HBProcessor.cpp:33] Receive heartbeat from "nebula-storaged0":9779, role = STORAGE
I20260817 16:27:19.397095   132 HBProcessor.cpp:33] Receive heartbeat from "nebula-graphd":9669, role = GRAPH
I20260817 16:27:28.706409   132 HBProcessor.cpp:33] Receive heartbeat from "nebula-storaged0":9779, role = STORAGE
I20260817 16:27:29.408907   132 HBProcessor.cpp:33] Receive heartbeat from "nebula-graphd":9669, role = GRAPH
I20260817 16:27:38.718367   132 HBProcessor.cpp:33] Receive heartbeat from "nebula-storaged0":9779, role = STORAGE
I20260817 16:27:39.420536   132 HBProcessor.cpp:33] Receive heartbeat from "nebula-graphd":9669, role = GRAPH
I20260817 16:27:48.727622   132 HBProcessor.cpp:33] Receive heartbeat from "nebula-storaged0":9779, role = STORAGE
I20260817 16:27:49.426326   132 HBProcessor.cpp:33] Receive heartbeat from "nebula-graphd":9669, role = GRAPH
I20260817 16:27:58.739480   132 HBProcessor.cpp:33] Receive heartbeat from "nebula-storaged0":9779, role = STORAGE
I20260817 16:27:59.437945   132 HBProcessor.cpp:33] Receive heartbeat from "nebula-graphd":9669, role = GRAPH
I20260817 16:28:08.747690   132 HBProcessor.cpp:33] Receive heartbeat from "nebula-storaged0":9779, role = STORAGE
I20260817 16:28:09.447567   132 HBProcessor.cpp:33] Receive heartbeat from "nebula-graphd":9669, role = GRAPH
I20260817 16:28:18.757952   132 HBProcessor.cpp:33] Receive heartbeat from "nebula-storaged0":9779, role = STORAGE
I20260817 16:28:19.453783   132 HBProcessor.cpp:33] Receive heartbeat from "nebula-graphd":9669, role = GRAPH
I20260817 16:28:28.767076   132 HBProcessor.cpp:33] Receive heartbeat from "nebula-storaged0":9779, role = STORAGE
I20260817 16:28:29.465761   132 HBProcessor.cpp:33] Receive heartbeat from "nebula-graphd":9669, role = GRAPH
I20260817 16:28:38.779081   132 HBProcessor.cpp:33] Receive heartbeat from "nebula-storaged0":9779, role = STORAGE
I20260817 16:28:39.473630   132 HBProcessor.cpp:33] Receive heartbeat from "nebula-graphd":9669, role = GRAPH
I20260817 16:28:48.789764   132 HBProcessor.cpp:33] Receive heartbeat from "nebula-storaged0":9779, role = STORAGE
I20260817 16:28:49.476375   132 HBProcessor.cpp:33] Receive heartbeat from "nebula-graphd":9669, role = GRAPH
I20260817 16:28:58.802206   132 HBProcessor.cpp:33] Receive heartbeat from "nebula-storaged0":9779, role = STORAGE
I20260817 16:28:59.487883   132 HBProcessor.cpp:33] Receive heartbeat from "nebula-graphd":9669, role = GRAPH
I20260817 16:29:08.811810   132 HBProcessor.cpp:33] Receive heartbeat from "nebula-storaged0":9779, role = STORAGE
I20260817 16:29:09.494378   132 HBProcessor.cpp:33] Receive heartbeat from "nebula-graphd":9669, role = GRAPH
I20260817 16:29:18.821717   132 HBProcessor.cpp:33] Receive heartbeat from "nebula-storaged0":9779, role = STORAGE
I20260817 16:29:19.495926   132 HBProcessor.cpp:33] Receive heartbeat from "nebula-graphd":9669, role = GRAPH
I20260817 16:29:28.834102   132 HBProcessor.cpp:33] Receive heartbeat from "nebula-storaged0":9779, role = STORAGE
I20260817 16:29:29.507706   132 HBProcessor.cpp:33] Receive heartbeat from "nebula-graphd":9669, role = GRAPH
I20260817 16:29:38.842854   132 HBProcessor.cpp:33] Receive heartbeat from "nebula-storaged0":9779, role = STORAGE
I20260817 16:29:39.520026   132 HBProcessor.cpp:33] Receive heartbeat from "nebula-graphd":9669, role = GRAPH
I20260817 16:29:48.853582   132 HBProcessor.cpp:33] Receive heartbeat from "nebula-storaged0":9779, role = STORAGE
I20260817 16:29:49.528997   132 HBProcessor.cpp:33] Receive heartbeat from "nebula-graphd":9669, role = GRAPH
I20260817 16:29:58.618093     1 MetaDaemon.cpp:230] Signal 15(Terminated) received, stopping this server
I20260817 16:29:58.631796     1 JobManager.cpp:138] JobManager::shutDown() begin
I20260817 16:29:58.635392   110 JobManager.cpp:155] Detect shutdown called, exit
I20260817 16:29:58.636212   110 JobDescription.cpp:113] Loading job description failed, error: E_JOB_NOT_IN_SPACE
I20260817 16:29:58.636780   110 JobManager.cpp:175] Load an invalid job from space 0 jodId 0
I20260817 16:29:58.637539     1 JobManager.cpp:146] JobManager::shutDown() end
I20260817 16:29:58.638016     1 NebulaStore.cpp:343] Stop the raft service...
I20260817 16:29:58.638960     1 RaftexService.cpp:67] Stopping the raftex service on port 9560
I20260817 16:29:58.639509     1 RaftexService.cpp:77] All partitions have stopped
I20260817 16:29:58.639974     1 NebulaStore.cpp:346] Stop kv engine...
I20260817 16:29:58.641578     1 NebulaStore.cpp:343] Stop the raft service...
I20260817 16:29:58.642094     1 RaftexService.cpp:67] Stopping the raftex service on port 9560
I20260817 16:29:58.642581     1 RaftexService.cpp:77] All partitions have stopped
I20260817 16:29:58.643071     1 NebulaStore.cpp:346] Stop kv engine...
I20260817 16:29:58.643565     1 NebulaStore.cpp:36] Cut off the relationship with meta client
I20260817 16:29:58.645203     1 Part.h:59] [Port: 9560, Space: 0, Part: 0] ~Part()
I20260817 16:29:58.649897     1 RocksEngine.h:247] Release rocksdb on /data/meta/nebula/0
I20260817 16:29:58.659662     1 NebulaStore.cpp:44] ~NebulaStore()
I20260817 16:29:58.660288     1 MetaDaemon.cpp:215] The meta Daemon stopped
I20260817 16:29:58.663096     1 JobManager.cpp:138] JobManager::shutDown() begin
I20260817 16:29:58.663798     1 JobManager.cpp:141] JobManager not running, exit
I20260817 16:32:51.631395     1 MetaDaemon.cpp:137] localhost = "nebula-metad0":9559
I20260817 16:32:51.646822     1 NebulaStore.cpp:48] Start the raft service...
I20260817 16:32:51.649097     1 NebulaSnapshotManager.cpp:25] Send snapshot is rate limited to 10485760 for each part by default
I20260817 16:32:51.731092     1 RaftexService.cpp:46] Start raft service on 9560
I20260817 16:32:51.734799     1 NebulaStore.cpp:82] Scan the local path, and init the spaces_
I20260817 16:32:51.737914     1 NebulaStore.cpp:90] Scan path "/data/meta/nebula/0"
I20260817 16:32:51.739176     1 NebulaStore.cpp:292] Init data from partManager for "nebula-metad0":9559
I20260817 16:32:51.740718     1 NebulaStore.cpp:417] Create data space 0
I20260817 16:32:51.974135    74 RocksEngine.cpp:107] open rocksdb on /data/meta/nebula/0/data
I20260817 16:33:03.085098     1 NebulaStore.cpp:480] Space 0, part 0 has been added, asLearner 0
I20260817 16:33:03.086081     1 NebulaStore.cpp:75] Register handler...
I20260817 16:33:03.087790     1 MetaDaemonInit.cpp:106] Waiting for the leader elected...
I20260817 16:33:03.088590     1 MetaDaemonInit.cpp:118] Leader has not been elected, sleep 1s
I20260817 16:33:04.090397     1 MetaDaemonInit.cpp:153] Get meta version is 4
I20260817 16:33:04.091348     1 MetaDaemonInit.cpp:169] Nebula store init succeeded, clusterId 2557737320329270911
I20260817 16:33:04.091926     1 MetaDaemon.cpp:150] Start http service
I20260817 16:33:04.093261     1 MetaDaemonInit.cpp:226] Starting Meta HTTP Service
I20260817 16:33:04.099328   111 WebService.cpp:124] Web service started on HTTP[19559]
I20260817 16:33:04.100050     1 MetaDaemonInit.cpp:192] Check root user
I20260817 16:33:04.101226     1 RootUserMan.h:35] God user exists
I20260817 16:33:04.107524     1 MetaDaemon.cpp:193] The meta daemon start on "nebula-metad0":9559
I20260817 16:33:04.108558     1 JobManager.cpp:64] JobManager initialized
I20260817 16:33:04.108582   117 JobManager.cpp:150] JobManager::scheduleThread enter
I20260817 16:33:04.952061   139 HBProcessor.cpp:33] Receive heartbeat from "nebula-graphd":9669, role = GRAPH
I20260817 16:33:04.956053   139 HBProcessor.cpp:89] Update host "nebula-graphd":9669 dir info, root path: /usr/local/nebula, data path size: 0
I20260817 16:33:05.030079   139 SessionManagerProcessor.cpp:155] resp session size: 155
I20260817 16:33:05.065868   139 ListHostsProcessor.cpp:249] skip inactive host: "nebula-storaged0":9779
I20260817 16:33:05.066661   139 ListHostsProcessor.cpp:249] skip inactive host: "nebula-storaged0":9779
I20260817 16:33:05.067337   139 ListHostsProcessor.cpp:249] skip inactive host: "nebula-storaged0":9779
I20260817 16:33:05.067971   139 ListHostsProcessor.cpp:249] skip inactive host: "nebula-storaged0":9779
I20260817 16:33:05.068531   139 ListHostsProcessor.cpp:249] skip inactive host: "nebula-storaged0":9779
I20260817 16:33:05.087347   139 ListHostsProcessor.cpp:249] skip inactive host: "nebula-storaged0":9779
I20260817 16:33:05.091025   139 ListHostsProcessor.cpp:249] skip inactive host: "nebula-storaged0":9779
I20260817 16:33:05.092496   139 ListHostsProcessor.cpp:249] skip inactive host: "nebula-storaged0":9779
I20260817 16:33:05.107738   139 ListHostsProcessor.cpp:249] skip inactive host: "nebula-storaged0":9779
I20260817 16:33:05.120395   139 ListHostsProcessor.cpp:249] skip inactive host: "nebula-storaged0":9779
I20260817 16:33:05.137342   139 ListHostsProcessor.cpp:249] skip inactive host: "nebula-storaged0":9779
I20260817 16:33:05.141889   139 ListHostsProcessor.cpp:249] skip inactive host: "nebula-storaged0":9779
I20260817 16:33:05.144480   139 ListHostsProcessor.cpp:249] skip inactive host: "nebula-storaged0":9779
I20260817 16:33:05.145035   139 ListHostsProcessor.cpp:249] skip inactive host: "nebula-storaged0":9779
I20260817 16:33:05.145618   139 ListHostsProcessor.cpp:249] skip inactive host: "nebula-storaged0":9779
I20260817 16:33:05.146347   139 ListHostsProcessor.cpp:249] skip inactive host: "nebula-storaged0":9779
I20260817 16:33:05.148015   139 ListHostsProcessor.cpp:249] skip inactive host: "nebula-storaged0":9779
I20260817 16:33:05.149219   139 ListHostsProcessor.cpp:249] skip inactive host: "nebula-storaged0":9779
I20260817 16:33:05.150214   139 ListHostsProcessor.cpp:249] skip inactive host: "nebula-storaged0":9779
I20260817 16:33:05.150779   139 ListHostsProcessor.cpp:249] skip inactive host: "nebula-storaged0":9779
I20260817 16:33:05.151432   139 ListHostsProcessor.cpp:249] skip inactive host: "nebula-storaged0":9779
I20260817 16:33:05.152081   139 ListHostsProcessor.cpp:249] skip inactive host: "nebula-storaged0":9779
I20260817 16:33:05.152663   139 ListHostsProcessor.cpp:249] skip inactive host: "nebula-storaged0":9779
I20260817 16:33:05.153298   139 ListHostsProcessor.cpp:249] skip inactive host: "nebula-storaged0":9779
I20260817 16:33:05.153854   139 ListHostsProcessor.cpp:249] skip inactive host: "nebula-storaged0":9779
I20260817 16:33:05.154532   139 ListHostsProcessor.cpp:249] skip inactive host: "nebula-storaged0":9779
I20260817 16:33:05.155216   139 ListHostsProcessor.cpp:249] skip inactive host: "nebula-storaged0":9779
I20260817 16:33:05.156128   139 ListHostsProcessor.cpp:249] skip inactive host: "nebula-storaged0":9779
I20260817 16:33:05.156653   139 ListHostsProcessor.cpp:249] skip inactive host: "nebula-storaged0":9779
I20260817 16:33:05.157334   139 ListHostsProcessor.cpp:249] skip inactive host: "nebula-storaged0":9779
I20260817 16:33:05.157867   139 ListHostsProcessor.cpp:249] skip inactive host: "nebula-storaged0":9779
I20260817 16:33:05.159116   139 ListHostsProcessor.cpp:249] skip inactive host: "nebula-storaged0":9779
I20260817 16:33:05.159701   139 ListHostsProcessor.cpp:249] skip inactive host: "nebula-storaged0":9779
I20260817 16:33:05.160182   139 ListHostsProcessor.cpp:249] skip inactive host: "nebula-storaged0":9779
I20260817 16:33:05.160866   139 ListHostsProcessor.cpp:249] skip inactive host: "nebula-storaged0":9779
I20260817 16:33:05.161394   139 ListHostsProcessor.cpp:249] skip inactive host: "nebula-storaged0":9779
I20260817 16:33:05.161891   139 ListHostsProcessor.cpp:249] skip inactive host: "nebula-storaged0":9779
I20260817 16:33:05.162487   139 ListHostsProcessor.cpp:249] skip inactive host: "nebula-storaged0":9779
I20260817 16:33:05.162972   139 ListHostsProcessor.cpp:249] skip inactive host: "nebula-storaged0":9779
I20260817 16:33:05.163568   139 ListHostsProcessor.cpp:249] skip inactive host: "nebula-storaged0":9779
I20260817 16:33:05.164201   139 ListHostsProcessor.cpp:249] skip inactive host: "nebula-storaged0":9779
I20260817 16:33:05.164788   139 ListHostsProcessor.cpp:249] skip inactive host: "nebula-storaged0":9779
I20260817 16:33:05.165340   139 ListHostsProcessor.cpp:249] skip inactive host: "nebula-storaged0":9779
I20260817 16:33:05.165890   139 ListHostsProcessor.cpp:249] skip inactive host: "nebula-storaged0":9779
I20260817 16:33:05.166488   139 ListHostsProcessor.cpp:249] skip inactive host: "nebula-storaged0":9779
I20260817 16:33:05.167057   139 ListHostsProcessor.cpp:249] skip inactive host: "nebula-storaged0":9779
I20260817 16:33:05.167598   139 ListHostsProcessor.cpp:249] skip inactive host: "nebula-storaged0":9779
I20260817 16:33:05.168097   139 ListHostsProcessor.cpp:249] skip inactive host: "nebula-storaged0":9779
I20260817 16:33:05.168588   139 ListHostsProcessor.cpp:249] skip inactive host: "nebula-storaged0":9779
I20260817 16:33:05.169164   139 ListHostsProcessor.cpp:249] skip inactive host: "nebula-storaged0":9779
I20260817 16:33:05.169847   139 ListHostsProcessor.cpp:249] skip inactive host: "nebula-storaged0":9779
I20260817 16:33:05.170487   139 ListHostsProcessor.cpp:249] skip inactive host: "nebula-storaged0":9779
I20260817 16:33:05.171072   139 ListHostsProcessor.cpp:249] skip inactive host: "nebula-storaged0":9779
I20260817 16:33:05.171588   139 ListHostsProcessor.cpp:249] skip inactive host: "nebula-storaged0":9779
I20260817 16:33:05.172153   139 ListHostsProcessor.cpp:249] skip inactive host: "nebula-storaged0":9779
I20260817 16:33:05.172973   139 ListHostsProcessor.cpp:249] skip inactive host: "nebula-storaged0":9779
I20260817 16:33:05.173902   139 ListHostsProcessor.cpp:249] skip inactive host: "nebula-storaged0":9779
I20260817 16:33:05.174399   139 ListHostsProcessor.cpp:249] skip inactive host: "nebula-storaged0":9779
I20260817 16:33:05.174908   139 ListHostsProcessor.cpp:249] skip inactive host: "nebula-storaged0":9779
I20260817 16:33:05.175508   139 ListHostsProcessor.cpp:249] skip inactive host: "nebula-storaged0":9779
I20260817 16:33:05.176044   139 ListHostsProcessor.cpp:249] skip inactive host: "nebula-storaged0":9779
I20260817 16:33:05.177204   139 ListHostsProcessor.cpp:249] skip inactive host: "nebula-storaged0":9779
I20260817 16:33:05.177809   139 ListHostsProcessor.cpp:249] skip inactive host: "nebula-storaged0":9779
I20260817 16:33:05.178433   139 ListHostsProcessor.cpp:249] skip inactive host: "nebula-storaged0":9779
I20260817 16:33:05.179109   139 ListHostsProcessor.cpp:249] skip inactive host: "nebula-storaged0":9779
I20260817 16:33:05.179795   139 ListHostsProcessor.cpp:249] skip inactive host: "nebula-storaged0":9779
I20260817 16:33:05.180567   139 ListHostsProcessor.cpp:249] skip inactive host: "nebula-storaged0":9779
I20260817 16:33:05.181161   139 ListHostsProcessor.cpp:249] skip inactive host: "nebula-storaged0":9779
I20260817 16:33:05.181756   139 ListHostsProcessor.cpp:249] skip inactive host: "nebula-storaged0":9779
I20260817 16:33:05.182359   139 ListHostsProcessor.cpp:249] skip inactive host: "nebula-storaged0":9779
I20260817 16:33:05.182925   139 ListHostsProcessor.cpp:249] skip inactive host: "nebula-storaged0":9779
I20260817 16:33:05.183593   139 ListHostsProcessor.cpp:249] skip inactive host: "nebula-storaged0":9779
I20260817 16:33:05.184206   139 ListHostsProcessor.cpp:249] skip inactive host: "nebula-storaged0":9779
I20260817 16:33:05.184857   139 ListHostsProcessor.cpp:249] skip inactive host: "nebula-storaged0":9779
I20260817 16:33:05.185438   139 ListHostsProcessor.cpp:249] skip inactive host: "nebula-storaged0":9779
I20260817 16:33:05.186103   139 ListHostsProcessor.cpp:249] skip inactive host: "nebula-storaged0":9779
I20260817 16:33:05.186606   139 ListHostsProcessor.cpp:249] skip inactive host: "nebula-storaged0":9779
I20260817 16:33:05.187475   139 ListHostsProcessor.cpp:249] skip inactive host: "nebula-storaged0":9779
I20260817 16:33:05.188199   139 ListHostsProcessor.cpp:249] skip inactive host: "nebula-storaged0":9779
I20260817 16:33:05.188954   139 ListHostsProcessor.cpp:249] skip inactive host: "nebula-storaged0":9779
I20260817 16:33:05.189667   139 ListHostsProcessor.cpp:249] skip inactive host: "nebula-storaged0":9779
I20260817 16:33:05.190933   139 ListHostsProcessor.cpp:249] skip inactive host: "nebula-storaged0":9779
I20260817 16:33:05.191972   139 ListHostsProcessor.cpp:249] skip inactive host: "nebula-storaged0":9779
I20260817 16:33:05.192747   139 ListHostsProcessor.cpp:249] skip inactive host: "nebula-storaged0":9779
I20260817 16:33:05.193397   139 ListHostsProcessor.cpp:249] skip inactive host: "nebula-storaged0":9779
I20260817 16:33:05.193918   139 ListHostsProcessor.cpp:249] skip inactive host: "nebula-storaged0":9779
I20260817 16:33:05.194558   139 ListHostsProcessor.cpp:249] skip inactive host: "nebula-storaged0":9779
I20260817 16:33:05.195115   139 ListHostsProcessor.cpp:249] skip inactive host: "nebula-storaged0":9779
I20260817 16:33:05.195571   139 ListHostsProcessor.cpp:249] skip inactive host: "nebula-storaged0":9779
I20260817 16:33:05.196040   139 ListHostsProcessor.cpp:249] skip inactive host: "nebula-storaged0":9779
I20260817 16:33:05.196579   139 ListHostsProcessor.cpp:249] skip inactive host: "nebula-storaged0":9779
I20260817 16:33:05.197233   139 ListHostsProcessor.cpp:249] skip inactive host: "nebula-storaged0":9779
I20260817 16:33:05.198031   139 ListHostsProcessor.cpp:249] skip inactive host: "nebula-storaged0":9779
I20260817 16:33:05.198608   139 ListHostsProcessor.cpp:249] skip inactive host: "nebula-storaged0":9779
I20260817 16:33:05.199270   139 ListHostsProcessor.cpp:249] skip inactive host: "nebula-storaged0":9779
I20260817 16:33:05.199815   139 ListHostsProcessor.cpp:249] skip inactive host: "nebula-storaged0":9779
I20260817 16:33:05.200361   139 ListHostsProcessor.cpp:249] skip inactive host: "nebula-storaged0":9779
I20260817 16:33:05.200901   139 ListHostsProcessor.cpp:249] skip inactive host: "nebula-storaged0":9779
I20260817 16:33:05.201431   139 ListHostsProcessor.cpp:249] skip inactive host: "nebula-storaged0":9779
I20260817 16:33:05.202010   139 ListHostsProcessor.cpp:249] skip inactive host: "nebula-storaged0":9779
I20260817 16:33:05.212613   139 SessionManagerProcessor.cpp:155] resp session size: 155
E20260817 16:33:07.305994   139 AddHostsProcessor.cpp:72] The host "nebula-storaged0":9779 have existed!
I20260817 16:33:08.221540   139 HBProcessor.cpp:33] Receive heartbeat from "nebula-storaged0":9779, role = STORAGE
I20260817 16:33:08.222358   139 HBProcessor.cpp:52] Set clusterId for new host "nebula-storaged0":9779!
I20260817 16:33:08.226969   139 HBProcessor.cpp:89] Update host "nebula-storaged0":9779 dir info, root path: /usr/local/nebula, data path size: 1
I20260817 16:33:08.265592   139 SessionManagerProcessor.cpp:155] resp session size: 155
I20260817 16:33:15.894379   139 HBProcessor.cpp:33] Receive heartbeat from "nebula-graphd":9669, role = GRAPH
I20260817 16:33:19.033349   139 HBProcessor.cpp:33] Receive heartbeat from "nebula-storaged0":9779, role = STORAGE
I20260817 16:33:25.907133   139 HBProcessor.cpp:33] Receive heartbeat from "nebula-graphd":9669, role = GRAPH
I20260817 16:33:25.911479   139 SessionManagerProcessor.cpp:155] resp session size: 167
I20260817 16:33:29.045985   139 HBProcessor.cpp:33] Receive heartbeat from "nebula-storaged0":9779, role = STORAGE
I20260817 16:33:29.050098   139 SessionManagerProcessor.cpp:155] resp session size: 167
I20260817 16:33:34.470299   139 CreateTagIndexProcessor.cpp:232] Create Tag Index person_index, tagIndex 10
I20260817 16:33:35.929585   139 HBProcessor.cpp:33] Receive heartbeat from "nebula-graphd":9669, role = GRAPH
I20260817 16:33:35.934183   139 SessionManagerProcessor.cpp:155] resp session size: 168
I20260817 16:33:39.063355   139 HBProcessor.cpp:33] Receive heartbeat from "nebula-storaged0":9779, role = STORAGE
I20260817 16:33:39.068120   139 SessionManagerProcessor.cpp:155] resp session size: 168
I20260817 16:33:43.020888   139 CreateTagIndexProcessor.cpp:232] Create Tag Index post_index, tagIndex 11
I20260817 16:33:43.041179   139 CreateEdgeIndexProcessor.cpp:232] Create Edge Index follows_index, edgeIndex 12
I20260817 16:33:45.952085   139 HBProcessor.cpp:33] Receive heartbeat from "nebula-graphd":9669, role = GRAPH
I20260817 16:33:45.956094   139 SessionManagerProcessor.cpp:155] resp session size: 174
I20260817 16:33:49.083282   139 HBProcessor.cpp:33] Receive heartbeat from "nebula-storaged0":9779, role = STORAGE
I20260817 16:33:49.087129   139 SessionManagerProcessor.cpp:155] resp session size: 174
I20260817 16:33:55.973115   139 HBProcessor.cpp:33] Receive heartbeat from "nebula-graphd":9669, role = GRAPH
I20260817 16:33:59.104336   139 HBProcessor.cpp:33] Receive heartbeat from "nebula-storaged0":9779, role = STORAGE
I20260817 16:34:05.979069   139 HBProcessor.cpp:33] Receive heartbeat from "nebula-graphd":9669, role = GRAPH
I20260817 16:34:09.116518   137 HBProcessor.cpp:33] Receive heartbeat from "nebula-storaged0":9779, role = STORAGE
I20260817 16:34:15.990042   137 HBProcessor.cpp:33] Receive heartbeat from "nebula-graphd":9669, role = GRAPH
I20260817 16:34:19.120620   137 HBProcessor.cpp:33] Receive heartbeat from "nebula-storaged0":9779, role = STORAGE
I20260817 16:34:22.195724   137 DropSpaceProcessor.cpp:153] Drop space social_network, id 3
I20260817 16:34:26.002048   137 HBProcessor.cpp:33] Receive heartbeat from "nebula-graphd":9669, role = GRAPH
I20260817 16:34:26.006266   137 SessionManagerProcessor.cpp:155] resp session size: 174
I20260817 16:34:28.080113     1 MetaDaemon.cpp:230] Signal 15(Terminated) received, stopping this server
I20260817 16:34:28.114729     1 JobManager.cpp:138] JobManager::shutDown() begin
I20260817 16:34:28.125826   117 JobManager.cpp:155] Detect shutdown called, exit
I20260817 16:34:28.133108   117 JobDescription.cpp:113] Loading job description failed, error: E_JOB_NOT_IN_SPACE
I20260817 16:34:28.136101   117 JobManager.cpp:175] Load an invalid job from space 0 jodId 0
I20260817 16:34:28.137599     1 JobManager.cpp:146] JobManager::shutDown() end
I20260817 16:34:28.138973     1 NebulaStore.cpp:343] Stop the raft service...
I20260817 16:34:28.147084     1 RaftexService.cpp:67] Stopping the raftex service on port 9560
I20260817 16:34:28.154968     1 RaftexService.cpp:77] All partitions have stopped
I20260817 16:34:28.156551     1 NebulaStore.cpp:346] Stop kv engine...
I20260817 16:34:28.159113     1 NebulaStore.cpp:343] Stop the raft service...
I20260817 16:34:28.162705     1 RaftexService.cpp:67] Stopping the raftex service on port 9560
I20260817 16:34:28.163473     1 RaftexService.cpp:77] All partitions have stopped
I20260817 16:34:28.164237     1 NebulaStore.cpp:346] Stop kv engine...
I20260817 16:34:28.164816     1 NebulaStore.cpp:36] Cut off the relationship with meta client
I20260817 16:34:28.167140     1 Part.h:59] [Port: 9560, Space: 0, Part: 0] ~Part()
I20260817 16:34:28.179760     1 RocksEngine.h:247] Release rocksdb on /data/meta/nebula/0
I20260817 16:34:28.199095     1 NebulaStore.cpp:44] ~NebulaStore()
I20260817 16:34:28.199885     1 MetaDaemon.cpp:215] The meta Daemon stopped
I20260817 16:34:28.207858     1 JobManager.cpp:138] JobManager::shutDown() begin
I20260817 16:34:28.208941     1 JobManager.cpp:141] JobManager not running, exit
I20260817 16:34:44.479130     1 MetaDaemon.cpp:137] localhost = "nebula-metad0":9559
I20260817 16:34:44.520800     1 NebulaStore.cpp:48] Start the raft service...
I20260817 16:34:44.524065     1 NebulaSnapshotManager.cpp:25] Send snapshot is rate limited to 10485760 for each part by default
I20260817 16:34:44.614446     1 RaftexService.cpp:46] Start raft service on 9560
I20260817 16:34:44.619634     1 NebulaStore.cpp:82] Scan the local path, and init the spaces_
I20260817 16:34:44.623000     1 NebulaStore.cpp:90] Scan path "/data/meta/nebula/0"
I20260817 16:34:44.623535     1 NebulaStore.cpp:292] Init data from partManager for "nebula-metad0":9559
I20260817 16:34:44.624038     1 NebulaStore.cpp:417] Create data space 0
I20260817 16:34:45.091238    76 EventListener.h:21] Rocksdb start compaction column family: default because of LevelL0FilesNum, status: OK, compacted 5 files into 0, base level is 0, output level is 1
I20260817 16:34:45.095587    75 RocksEngine.cpp:107] open rocksdb on /data/meta/nebula/0/data
I20260817 16:34:45.131826    76 EventListener.h:35] Rocksdb compaction completed column family: default because of LevelL0FilesNum, status: OK, compacted 5 files into 1, base level is 0, output level is 1
I20260817 16:34:53.842952     1 NebulaStore.cpp:480] Space 0, part 0 has been added, asLearner 0
I20260817 16:34:53.843536     1 NebulaStore.cpp:75] Register handler...
I20260817 16:34:53.844071     1 MetaDaemonInit.cpp:106] Waiting for the leader elected...
I20260817 16:34:53.844745     1 MetaDaemonInit.cpp:118] Leader has not been elected, sleep 1s
I20260817 16:34:54.845461     1 MetaDaemonInit.cpp:153] Get meta version is 4
I20260817 16:34:54.847150     1 MetaDaemonInit.cpp:169] Nebula store init succeeded, clusterId 2557737320329270911
I20260817 16:34:54.847956     1 MetaDaemon.cpp:150] Start http service
I20260817 16:34:54.849541     1 MetaDaemonInit.cpp:226] Starting Meta HTTP Service
I20260817 16:34:54.856962   113 WebService.cpp:124] Web service started on HTTP[19559]
I20260817 16:34:54.859464     1 MetaDaemonInit.cpp:192] Check root user
I20260817 16:34:54.860863     1 RootUserMan.h:35] God user exists
I20260817 16:34:54.866498     1 MetaDaemon.cpp:193] The meta daemon start on "nebula-metad0":9559
I20260817 16:34:54.868741     1 JobManager.cpp:64] JobManager initialized
I20260817 16:34:54.869212   119 JobManager.cpp:150] JobManager::scheduleThread enter
I20260817 16:34:55.794142   141 HBProcessor.cpp:33] Receive heartbeat from "nebula-graphd":9669, role = GRAPH
I20260817 16:34:55.795048   141 HBProcessor.cpp:89] Update host "nebula-graphd":9669 dir info, root path: /usr/local/nebula, data path size: 0
I20260817 16:34:55.857985   141 SessionManagerProcessor.cpp:155] resp session size: 174
I20260817 16:34:55.879793   141 SessionManagerProcessor.cpp:155] resp session size: 174
E20260817 16:34:56.660801   141 AddHostsProcessor.cpp:72] The host "nebula-storaged0":9779 have existed!
I20260817 16:35:03.691138   141 HBProcessor.cpp:33] Receive heartbeat from "nebula-storaged0":9779, role = STORAGE
I20260817 16:35:03.691512   141 HBProcessor.cpp:52] Set clusterId for new host "nebula-storaged0":9779!
I20260817 16:35:03.691911   141 HBProcessor.cpp:89] Update host "nebula-storaged0":9779 dir info, root path: /usr/local/nebula, data path size: 1
I20260817 16:35:03.706225   141 SessionManagerProcessor.cpp:155] resp session size: 174
W20260817 16:35:04.420773   141 CreateSpaceProcessor.cpp:214] Host "storaged0":9779 expired
I20260817 16:35:04.421792   141 CreateSpaceProcessor.cpp:276] Create space social_network
I20260817 16:35:06.625749   141 HBProcessor.cpp:33] Receive heartbeat from "nebula-graphd":9669, role = GRAPH
I20260817 16:35:06.629971   141 SessionManagerProcessor.cpp:155] resp session size: 180
I20260817 16:35:07.665565   141 CreateTagProcessor.cpp:87] Create Tag person, TagID 5
I20260817 16:35:07.683739   141 CreateTagProcessor.cpp:87] Create Tag post, TagID 6
I20260817 16:35:07.701347   141 CreateTagProcessor.cpp:87] Create Tag comment, TagID 7
I20260817 16:35:07.721086   141 CreateEdgeProcessor.cpp:86] Create Edge follows, edgeType 8
I20260817 16:35:07.737537   141 CreateEdgeProcessor.cpp:86] Create Edge authored, edgeType 9
I20260817 16:35:07.755810   141 CreateEdgeProcessor.cpp:86] Create Edge replied, edgeType 10
I20260817 16:35:07.781069   141 CreateTagIndexProcessor.cpp:232] Create Tag Index person_index, tagIndex 11
I20260817 16:35:07.797823   141 CreateTagIndexProcessor.cpp:232] Create Tag Index post_index, tagIndex 12
I20260817 16:35:07.814958   141 CreateEdgeIndexProcessor.cpp:232] Create Edge Index follows_index, edgeIndex 13
I20260817 16:35:14.062394   141 HBProcessor.cpp:33] Receive heartbeat from "nebula-storaged0":9779, role = STORAGE
I20260817 16:35:14.072644   141 SessionManagerProcessor.cpp:155] resp session size: 210
I20260817 16:35:16.640313   141 HBProcessor.cpp:33] Receive heartbeat from "nebula-graphd":9669, role = GRAPH
I20260817 16:35:16.644001   141 SessionManagerProcessor.cpp:155] resp session size: 210
I20260817 16:35:24.906153   141 HBProcessor.cpp:33] Receive heartbeat from "nebula-storaged0":9779, role = STORAGE
I20260817 16:35:26.660807   138 HBProcessor.cpp:33] Receive heartbeat from "nebula-graphd":9669, role = GRAPH
I20260817 16:35:26.667991   138 SessionManagerProcessor.cpp:155] resp session size: 212
I20260817 16:35:34.918241   140 HBProcessor.cpp:33] Receive heartbeat from "nebula-storaged0":9779, role = STORAGE
I20260817 16:35:34.922060   140 SessionManagerProcessor.cpp:155] resp session size: 213
I20260817 16:35:36.692698   140 HBProcessor.cpp:33] Receive heartbeat from "nebula-graphd":9669, role = GRAPH
I20260817 16:35:44.939368   140 HBProcessor.cpp:33] Receive heartbeat from "nebula-storaged0":9779, role = STORAGE
I20260817 16:35:46.703184   140 HBProcessor.cpp:33] Receive heartbeat from "nebula-graphd":9669, role = GRAPH
I20260817 16:35:54.951650   140 HBProcessor.cpp:33] Receive heartbeat from "nebula-storaged0":9779, role = STORAGE
I20260817 16:35:56.705758   140 HBProcessor.cpp:33] Receive heartbeat from "nebula-graphd":9669, role = GRAPH
I20260817 16:36:04.963761   140 HBProcessor.cpp:33] Receive heartbeat from "nebula-storaged0":9779, role = STORAGE
I20260817 16:36:06.713730   140 HBProcessor.cpp:33] Receive heartbeat from "nebula-graphd":9669, role = GRAPH
I20260817 16:36:13.057476     1 MetaDaemon.cpp:230] Signal 15(Terminated) received, stopping this server
I20260817 16:36:13.131628     1 JobManager.cpp:138] JobManager::shutDown() begin
I20260817 16:36:13.140815   119 JobManager.cpp:155] Detect shutdown called, exit
I20260817 16:36:13.142733   119 JobDescription.cpp:113] Loading job description failed, error: E_JOB_NOT_IN_SPACE
I20260817 16:36:13.143603   119 JobManager.cpp:175] Load an invalid job from space 0 jodId 0
I20260817 16:36:13.144551     1 JobManager.cpp:146] JobManager::shutDown() end
I20260817 16:36:13.145212     1 NebulaStore.cpp:343] Stop the raft service...
I20260817 16:36:13.145836     1 RaftexService.cpp:67] Stopping the raftex service on port 9560
I20260817 16:36:13.146377     1 RaftexService.cpp:77] All partitions have stopped
I20260817 16:36:13.146910     1 NebulaStore.cpp:346] Stop kv engine...
I20260817 16:36:13.148526     1 NebulaStore.cpp:343] Stop the raft service...
I20260817 16:36:13.149753     1 RaftexService.cpp:67] Stopping the raftex service on port 9560
I20260817 16:36:13.150616     1 RaftexService.cpp:77] All partitions have stopped
I20260817 16:36:13.151235     1 NebulaStore.cpp:346] Stop kv engine...
I20260817 16:36:13.151840     1 NebulaStore.cpp:36] Cut off the relationship with meta client
I20260817 16:36:13.153908     1 Part.h:59] [Port: 9560, Space: 0, Part: 0] ~Part()
I20260817 16:36:13.162688     1 RocksEngine.h:247] Release rocksdb on /data/meta/nebula/0
I20260817 16:36:13.220983     1 NebulaStore.cpp:44] ~NebulaStore()
I20260817 16:36:13.221701     1 MetaDaemon.cpp:215] The meta Daemon stopped
I20260817 16:36:13.225771     1 JobManager.cpp:138] JobManager::shutDown() begin
I20260817 16:36:13.227175     1 JobManager.cpp:141] JobManager not running, exit
I20260817 16:42:30.407938     1 MetaDaemon.cpp:137] localhost = "nebula-metad0":9559
I20260817 16:42:30.440658     1 NebulaStore.cpp:48] Start the raft service...
I20260817 16:42:30.448158     1 NebulaSnapshotManager.cpp:25] Send snapshot is rate limited to 10485760 for each part by default
I20260817 16:42:30.570905     1 RaftexService.cpp:46] Start raft service on 9560
I20260817 16:42:30.601555     1 NebulaStore.cpp:82] Scan the local path, and init the spaces_
I20260817 16:42:30.627509     1 NebulaStore.cpp:90] Scan path "/data/meta/nebula/0"
I20260817 16:42:30.633812     1 NebulaStore.cpp:292] Init data from partManager for "nebula-metad0":9559
I20260817 16:42:30.635771     1 NebulaStore.cpp:417] Create data space 0
I20260817 16:42:30.951352    74 RocksEngine.cpp:107] open rocksdb on /data/meta/nebula/0/data
I20260817 16:42:39.784168     1 NebulaStore.cpp:480] Space 0, part 0 has been added, asLearner 0
I20260817 16:42:39.784765     1 NebulaStore.cpp:75] Register handler...
I20260817 16:42:39.785344     1 MetaDaemonInit.cpp:106] Waiting for the leader elected...
I20260817 16:42:39.785818     1 MetaDaemonInit.cpp:118] Leader has not been elected, sleep 1s
I20260817 16:42:40.785663     1 MetaDaemonInit.cpp:153] Get meta version is 4
I20260817 16:42:40.786671     1 MetaDaemonInit.cpp:169] Nebula store init succeeded, clusterId 2557737320329270911
I20260817 16:42:40.787163     1 MetaDaemon.cpp:150] Start http service
I20260817 16:42:40.788237     1 MetaDaemonInit.cpp:226] Starting Meta HTTP Service
I20260817 16:42:40.793458   113 WebService.cpp:124] Web service started on HTTP[19559]
I20260817 16:42:40.794060     1 MetaDaemonInit.cpp:192] Check root user
I20260817 16:42:40.794615     1 RootUserMan.h:35] God user exists
I20260817 16:42:40.798234     1 MetaDaemon.cpp:193] The meta daemon start on "nebula-metad0":9559
I20260817 16:42:40.799160     1 JobManager.cpp:64] JobManager initialized
I20260817 16:42:40.799178   119 JobManager.cpp:150] JobManager::scheduleThread enter
I20260817 16:42:41.889986   141 HBProcessor.cpp:33] Receive heartbeat from "nebula-graphd":9669, role = GRAPH
I20260817 16:42:41.890717   141 HBProcessor.cpp:89] Update host "nebula-graphd":9669 dir info, root path: /usr/local/nebula, data path size: 0
I20260817 16:42:41.945125   141 SessionManagerProcessor.cpp:155] resp session size: 210
I20260817 16:42:41.980098   141 ListHostsProcessor.cpp:249] skip inactive host: "nebula-storaged0":9779
I20260817 16:42:41.980686   141 ListHostsProcessor.cpp:249] skip inactive host: "nebula-storaged0":9779
I20260817 16:42:41.981443   141 ListHostsProcessor.cpp:249] skip inactive host: "nebula-storaged0":9779
I20260817 16:42:41.982013   141 ListHostsProcessor.cpp:249] skip inactive host: "nebula-storaged0":9779
I20260817 16:42:41.982501   141 ListHostsProcessor.cpp:249] skip inactive host: "nebula-storaged0":9779
I20260817 16:42:41.983124   141 ListHostsProcessor.cpp:249] skip inactive host: "nebula-storaged0":9779
I20260817 16:42:41.983847   141 ListHostsProcessor.cpp:249] skip inactive host: "nebula-storaged0":9779
I20260817 16:42:41.984856   141 ListHostsProcessor.cpp:249] skip inactive host: "nebula-storaged0":9779
I20260817 16:42:41.985510   141 ListHostsProcessor.cpp:249] skip inactive host: "nebula-storaged0":9779
I20260817 16:42:41.986011   141 ListHostsProcessor.cpp:249] skip inactive host: "nebula-storaged0":9779
I20260817 16:42:41.986608   141 ListHostsProcessor.cpp:249] skip inactive host: "nebula-storaged0":9779
I20260817 16:42:41.987207   141 ListHostsProcessor.cpp:249] skip inactive host: "nebula-storaged0":9779
I20260817 16:42:41.988246   141 ListHostsProcessor.cpp:249] skip inactive host: "nebula-storaged0":9779
I20260817 16:42:41.989447   141 ListHostsProcessor.cpp:249] skip inactive host: "nebula-storaged0":9779
I20260817 16:42:41.990002   141 ListHostsProcessor.cpp:249] skip inactive host: "nebula-storaged0":9779
I20260817 16:42:41.990550   141 ListHostsProcessor.cpp:249] skip inactive host: "nebula-storaged0":9779
I20260817 16:42:41.991086   141 ListHostsProcessor.cpp:249] skip inactive host: "nebula-storaged0":9779
I20260817 16:42:41.991694   141 ListHostsProcessor.cpp:249] skip inactive host: "nebula-storaged0":9779
I20260817 16:42:41.992283   141 ListHostsProcessor.cpp:249] skip inactive host: "nebula-storaged0":9779
I20260817 16:42:41.992766   141 ListHostsProcessor.cpp:249] skip inactive host: "nebula-storaged0":9779
I20260817 16:42:41.993238   141 ListHostsProcessor.cpp:249] skip inactive host: "nebula-storaged0":9779
I20260817 16:42:41.993788   141 ListHostsProcessor.cpp:249] skip inactive host: "nebula-storaged0":9779
I20260817 16:42:41.994410   141 ListHostsProcessor.cpp:249] skip inactive host: "nebula-storaged0":9779
I20260817 16:42:41.994897   141 ListHostsProcessor.cpp:249] skip inactive host: "nebula-storaged0":9779
I20260817 16:42:41.995472   141 ListHostsProcessor.cpp:249] skip inactive host: "nebula-storaged0":9779
I20260817 16:42:41.996119   141 ListHostsProcessor.cpp:249] skip inactive host: "nebula-storaged0":9779
I20260817 16:42:41.996694   141 ListHostsProcessor.cpp:249] skip inactive host: "nebula-storaged0":9779
I20260817 16:42:41.997233   141 ListHostsProcessor.cpp:249] skip inactive host: "nebula-storaged0":9779
I20260817 16:42:41.997861   141 ListHostsProcessor.cpp:249] skip inactive host: "nebula-storaged0":9779
I20260817 16:42:41.998354   141 ListHostsProcessor.cpp:249] skip inactive host: "nebula-storaged0":9779
I20260817 16:42:41.998817   141 ListHostsProcessor.cpp:249] skip inactive host: "nebula-storaged0":9779
I20260817 16:42:41.999281   141 ListHostsProcessor.cpp:249] skip inactive host: "nebula-storaged0":9779
I20260817 16:42:41.999905   141 ListHostsProcessor.cpp:249] skip inactive host: "nebula-storaged0":9779
I20260817 16:42:42.000763   141 ListHostsProcessor.cpp:249] skip inactive host: "nebula-storaged0":9779
I20260817 16:42:42.001339   141 ListHostsProcessor.cpp:249] skip inactive host: "nebula-storaged0":9779
I20260817 16:42:42.001869   141 ListHostsProcessor.cpp:249] skip inactive host: "nebula-storaged0":9779
I20260817 16:42:42.002575   141 ListHostsProcessor.cpp:249] skip inactive host: "nebula-storaged0":9779
I20260817 16:42:42.003173   141 ListHostsProcessor.cpp:249] skip inactive host: "nebula-storaged0":9779
I20260817 16:42:42.003808   141 ListHostsProcessor.cpp:249] skip inactive host: "nebula-storaged0":9779
I20260817 16:42:42.004328   141 ListHostsProcessor.cpp:249] skip inactive host: "nebula-storaged0":9779
I20260817 16:42:42.004992   141 ListHostsProcessor.cpp:249] skip inactive host: "nebula-storaged0":9779
I20260817 16:42:42.005568   141 ListHostsProcessor.cpp:249] skip inactive host: "nebula-storaged0":9779
I20260817 16:42:42.006311   141 ListHostsProcessor.cpp:249] skip inactive host: "nebula-storaged0":9779
I20260817 16:42:42.006831   141 ListHostsProcessor.cpp:249] skip inactive host: "nebula-storaged0":9779
I20260817 16:42:42.007421   141 ListHostsProcessor.cpp:249] skip inactive host: "nebula-storaged0":9779
I20260817 16:42:42.008028   141 ListHostsProcessor.cpp:249] skip inactive host: "nebula-storaged0":9779
I20260817 16:42:42.008651   141 ListHostsProcessor.cpp:249] skip inactive host: "nebula-storaged0":9779
I20260817 16:42:42.010763   141 ListHostsProcessor.cpp:249] skip inactive host: "nebula-storaged0":9779
I20260817 16:42:42.011437   141 ListHostsProcessor.cpp:249] skip inactive host: "nebula-storaged0":9779
I20260817 16:42:42.012028   141 ListHostsProcessor.cpp:249] skip inactive host: "nebula-storaged0":9779
I20260817 16:42:42.012524   141 ListHostsProcessor.cpp:249] skip inactive host: "nebula-storaged0":9779
I20260817 16:42:42.013238   141 ListHostsProcessor.cpp:249] skip inactive host: "nebula-storaged0":9779
I20260817 16:42:42.013758   141 ListHostsProcessor.cpp:249] skip inactive host: "nebula-storaged0":9779
I20260817 16:42:42.014415   141 ListHostsProcessor.cpp:249] skip inactive host: "nebula-storaged0":9779
I20260817 16:42:42.015067   141 ListHostsProcessor.cpp:249] skip inactive host: "nebula-storaged0":9779
I20260817 16:42:42.015825   141 ListHostsProcessor.cpp:249] skip inactive host: "nebula-storaged0":9779
I20260817 16:42:42.017015   141 ListHostsProcessor.cpp:249] skip inactive host: "nebula-storaged0":9779
I20260817 16:42:42.017625   141 ListHostsProcessor.cpp:249] skip inactive host: "nebula-storaged0":9779
I20260817 16:42:42.018226   141 ListHostsProcessor.cpp:249] skip inactive host: "nebula-storaged0":9779
I20260817 16:42:42.018692   141 ListHostsProcessor.cpp:249] skip inactive host: "nebula-storaged0":9779
I20260817 16:42:42.019212   141 ListHostsProcessor.cpp:249] skip inactive host: "nebula-storaged0":9779
I20260817 16:42:42.019819   141 ListHostsProcessor.cpp:249] skip inactive host: "nebula-storaged0":9779
I20260817 16:42:42.020346   141 ListHostsProcessor.cpp:249] skip inactive host: "nebula-storaged0":9779
I20260817 16:42:42.020896   141 ListHostsProcessor.cpp:249] skip inactive host: "nebula-storaged0":9779
I20260817 16:42:42.021770   141 ListHostsProcessor.cpp:249] skip inactive host: "nebula-storaged0":9779
I20260817 16:42:42.022419   141 ListHostsProcessor.cpp:249] skip inactive host: "nebula-storaged0":9779
I20260817 16:42:42.022948   141 ListHostsProcessor.cpp:249] skip inactive host: "nebula-storaged0":9779
I20260817 16:42:42.023517   141 ListHostsProcessor.cpp:249] skip inactive host: "nebula-storaged0":9779
I20260817 16:42:42.024078   141 ListHostsProcessor.cpp:249] skip inactive host: "nebula-storaged0":9779
I20260817 16:42:42.024907   141 ListHostsProcessor.cpp:249] skip inactive host: "nebula-storaged0":9779
I20260817 16:42:42.025444   141 ListHostsProcessor.cpp:249] skip inactive host: "nebula-storaged0":9779
I20260817 16:42:42.026008   141 ListHostsProcessor.cpp:249] skip inactive host: "nebula-storaged0":9779
I20260817 16:42:42.026612   141 ListHostsProcessor.cpp:249] skip inactive host: "nebula-storaged0":9779
I20260817 16:42:42.027199   141 ListHostsProcessor.cpp:249] skip inactive host: "nebula-storaged0":9779
I20260817 16:42:42.027837   141 ListHostsProcessor.cpp:249] skip inactive host: "nebula-storaged0":9779
I20260817 16:42:42.028483   141 ListHostsProcessor.cpp:249] skip inactive host: "nebula-storaged0":9779
I20260817 16:42:42.029044   141 ListHostsProcessor.cpp:249] skip inactive host: "nebula-storaged0":9779
I20260817 16:42:42.030500   141 ListHostsProcessor.cpp:249] skip inactive host: "nebula-storaged0":9779
I20260817 16:42:42.031699   141 ListHostsProcessor.cpp:249] skip inactive host: "nebula-storaged0":9779
I20260817 16:42:42.033228   141 ListHostsProcessor.cpp:249] skip inactive host: "nebula-storaged0":9779
I20260817 16:42:42.033821   141 ListHostsProcessor.cpp:249] skip inactive host: "nebula-storaged0":9779
I20260817 16:42:42.034409   141 ListHostsProcessor.cpp:249] skip inactive host: "nebula-storaged0":9779
I20260817 16:42:42.034978   141 ListHostsProcessor.cpp:249] skip inactive host: "nebula-storaged0":9779
I20260817 16:42:42.035652   141 ListHostsProcessor.cpp:249] skip inactive host: "nebula-storaged0":9779
I20260817 16:42:42.036154   141 ListHostsProcessor.cpp:249] skip inactive host: "nebula-storaged0":9779
I20260817 16:42:42.036770   141 ListHostsProcessor.cpp:249] skip inactive host: "nebula-storaged0":9779
I20260817 16:42:42.037503   141 ListHostsProcessor.cpp:249] skip inactive host: "nebula-storaged0":9779
I20260817 16:42:42.038225   141 ListHostsProcessor.cpp:249] skip inactive host: "nebula-storaged0":9779
I20260817 16:42:42.038908   141 ListHostsProcessor.cpp:249] skip inactive host: "nebula-storaged0":9779
I20260817 16:42:42.039477   141 ListHostsProcessor.cpp:249] skip inactive host: "nebula-storaged0":9779
I20260817 16:42:42.040283   141 ListHostsProcessor.cpp:249] skip inactive host: "nebula-storaged0":9779
I20260817 16:42:42.040828   141 ListHostsProcessor.cpp:249] skip inactive host: "nebula-storaged0":9779
I20260817 16:42:42.041472   141 ListHostsProcessor.cpp:249] skip inactive host: "nebula-storaged0":9779
I20260817 16:42:42.042001   141 ListHostsProcessor.cpp:249] skip inactive host: "nebula-storaged0":9779
I20260817 16:42:42.042651   141 ListHostsProcessor.cpp:249] skip inactive host: "nebula-storaged0":9779
I20260817 16:42:42.043594   141 ListHostsProcessor.cpp:249] skip inactive host: "nebula-storaged0":9779
I20260817 16:42:42.045322   141 ListHostsProcessor.cpp:249] skip inactive host: "nebula-storaged0":9779
I20260817 16:42:42.048767   141 ListHostsProcessor.cpp:249] skip inactive host: "nebula-storaged0":9779
I20260817 16:42:42.051327   141 ListHostsProcessor.cpp:249] skip inactive host: "nebula-storaged0":9779
I20260817 16:42:42.052800   141 ListHostsProcessor.cpp:249] skip inactive host: "nebula-storaged0":9779
I20260817 16:42:42.080580   141 SessionManagerProcessor.cpp:155] resp session size: 210
E20260817 16:42:45.304428   141 AddHostsProcessor.cpp:72] The host "nebula-storaged0":9779 have existed!
I20260817 16:42:49.582528   141 HBProcessor.cpp:33] Receive heartbeat from "nebula-storaged0":9779, role = STORAGE
I20260817 16:42:49.582978   141 HBProcessor.cpp:52] Set clusterId for new host "nebula-storaged0":9779!
I20260817 16:42:49.583413   141 HBProcessor.cpp:89] Update host "nebula-storaged0":9779 dir info, root path: /usr/local/nebula, data path size: 1
I20260817 16:42:49.601401   141 SessionManagerProcessor.cpp:155] resp session size: 210
I20260817 16:42:52.942670   141 HBProcessor.cpp:33] Receive heartbeat from "nebula-graphd":9669, role = GRAPH
I20260817 16:42:59.908736   141 HBProcessor.cpp:33] Receive heartbeat from "nebula-storaged0":9779, role = STORAGE
I20260817 16:43:02.945216   141 HBProcessor.cpp:33] Receive heartbeat from "nebula-graphd":9669, role = GRAPH
I20260817 16:43:02.949467   141 SessionManagerProcessor.cpp:155] resp session size: 210
I20260817 16:43:09.920553   141 HBProcessor.cpp:33] Receive heartbeat from "nebula-storaged0":9779, role = STORAGE
I20260817 16:43:09.924336   141 SessionManagerProcessor.cpp:155] resp session size: 210
I20260817 16:43:12.964829   141 HBProcessor.cpp:33] Receive heartbeat from "nebula-graphd":9669, role = GRAPH
I20260817 16:43:19.939200   141 HBProcessor.cpp:33] Receive heartbeat from "nebula-storaged0":9779, role = STORAGE
I20260817 16:43:22.977860   141 HBProcessor.cpp:33] Receive heartbeat from "nebula-graphd":9669, role = GRAPH
I20260817 16:43:29.951179   141 HBProcessor.cpp:33] Receive heartbeat from "nebula-storaged0":9779, role = STORAGE
I20260817 16:43:32.989768   141 HBProcessor.cpp:33] Receive heartbeat from "nebula-graphd":9669, role = GRAPH
I20260817 16:43:39.963371   141 HBProcessor.cpp:33] Receive heartbeat from "nebula-storaged0":9779, role = STORAGE
I20260817 16:43:42.995653   141 HBProcessor.cpp:33] Receive heartbeat from "nebula-graphd":9669, role = GRAPH
I20260817 16:43:49.974187   141 HBProcessor.cpp:33] Receive heartbeat from "nebula-storaged0":9779, role = STORAGE
I20260817 16:43:53.005882   141 HBProcessor.cpp:33] Receive heartbeat from "nebula-graphd":9669, role = GRAPH
I20260817 16:43:56.040148     1 MetaDaemon.cpp:230] Signal 15(Terminated) received, stopping this server
I20260817 16:43:56.061962     1 JobManager.cpp:138] JobManager::shutDown() begin
I20260817 16:43:56.078368   119 JobManager.cpp:155] Detect shutdown called, exit
I20260817 16:43:56.081214   119 JobDescription.cpp:113] Loading job description failed, error: E_JOB_NOT_IN_SPACE
I20260817 16:43:56.086580   119 JobManager.cpp:175] Load an invalid job from space 0 jodId 0
I20260817 16:43:56.092797     1 JobManager.cpp:146] JobManager::shutDown() end
I20260817 16:43:56.093776     1 NebulaStore.cpp:343] Stop the raft service...
I20260817 16:43:56.095021     1 RaftexService.cpp:67] Stopping the raftex service on port 9560
I20260817 16:43:56.095418     1 RaftexService.cpp:77] All partitions have stopped
I20260817 16:43:56.095937     1 NebulaStore.cpp:346] Stop kv engine...
I20260817 16:43:56.096824     1 NebulaStore.cpp:343] Stop the raft service...
I20260817 16:43:56.102124     1 RaftexService.cpp:67] Stopping the raftex service on port 9560
I20260817 16:43:56.103044     1 RaftexService.cpp:77] All partitions have stopped
I20260817 16:43:56.103571     1 NebulaStore.cpp:346] Stop kv engine...
I20260817 16:43:56.106324     1 NebulaStore.cpp:36] Cut off the relationship with meta client
I20260817 16:43:56.110527     1 Part.h:59] [Port: 9560, Space: 0, Part: 0] ~Part()
I20260817 16:43:56.128283     1 RocksEngine.h:247] Release rocksdb on /data/meta/nebula/0
I20260817 16:43:56.156663     1 NebulaStore.cpp:44] ~NebulaStore()
I20260817 16:43:56.157519     1 MetaDaemon.cpp:215] The meta Daemon stopped
I20260817 16:43:56.160604     1 JobManager.cpp:138] JobManager::shutDown() begin
I20260817 16:43:56.161936     1 JobManager.cpp:141] JobManager not running, exit
I20260817 16:44:14.532296     1 MetaDaemon.cpp:137] localhost = "nebula-metad0":9559
I20260817 16:44:14.617121     1 NebulaStore.cpp:48] Start the raft service...
I20260817 16:44:14.630853     1 NebulaSnapshotManager.cpp:25] Send snapshot is rate limited to 10485760 for each part by default
I20260817 16:44:14.733245     1 RaftexService.cpp:46] Start raft service on 9560
I20260817 16:44:14.760452     1 NebulaStore.cpp:82] Scan the local path, and init the spaces_
I20260817 16:44:14.782187     1 NebulaStore.cpp:90] Scan path "/data/meta/nebula/0"
I20260817 16:44:14.785079     1 NebulaStore.cpp:292] Init data from partManager for "nebula-metad0":9559
I20260817 16:44:14.785842     1 NebulaStore.cpp:417] Create data space 0
I20260817 16:44:15.461926    74 RocksEngine.cpp:107] open rocksdb on /data/meta/nebula/0/data
I20260817 16:44:23.644646     1 NebulaStore.cpp:480] Space 0, part 0 has been added, asLearner 0
I20260817 16:44:23.645323     1 NebulaStore.cpp:75] Register handler...
I20260817 16:44:23.645820     1 MetaDaemonInit.cpp:106] Waiting for the leader elected...
I20260817 16:44:23.646255     1 MetaDaemonInit.cpp:118] Leader has not been elected, sleep 1s
I20260817 16:44:24.651459     1 MetaDaemonInit.cpp:153] Get meta version is 4
I20260817 16:44:24.654191     1 MetaDaemonInit.cpp:169] Nebula store init succeeded, clusterId 2557737320329270911
I20260817 16:44:24.655931     1 MetaDaemon.cpp:150] Start http service
I20260817 16:44:24.657663     1 MetaDaemonInit.cpp:226] Starting Meta HTTP Service
I20260817 16:44:24.665979   104 WebService.cpp:124] Web service started on HTTP[19559]
I20260817 16:44:24.668264     1 MetaDaemonInit.cpp:192] Check root user
I20260817 16:44:24.670607     1 RootUserMan.h:35] God user exists
I20260817 16:44:24.675884     1 MetaDaemon.cpp:193] The meta daemon start on "nebula-metad0":9559
I20260817 16:44:24.677619     1 JobManager.cpp:64] JobManager initialized
I20260817 16:44:24.677660   110 JobManager.cpp:150] JobManager::scheduleThread enter
I20260817 16:44:25.283771   138 HBProcessor.cpp:33] Receive heartbeat from "nebula-graphd":9669, role = GRAPH
I20260817 16:44:25.284488   138 HBProcessor.cpp:89] Update host "nebula-graphd":9669 dir info, root path: /usr/local/nebula, data path size: 0
I20260817 16:44:25.355458   138 SessionManagerProcessor.cpp:155] resp session size: 210
I20260817 16:44:25.405755   138 SessionManagerProcessor.cpp:155] resp session size: 210
E20260817 16:44:30.133096   138 AddHostsProcessor.cpp:72] The host "nebula-storaged0":9779 have existed!
I20260817 16:44:32.071249   138 HBProcessor.cpp:33] Receive heartbeat from "nebula-storaged0":9779, role = STORAGE
I20260817 16:44:32.071668   138 HBProcessor.cpp:52] Set clusterId for new host "nebula-storaged0":9779!
I20260817 16:44:32.072055   138 HBProcessor.cpp:89] Update host "nebula-storaged0":9779 dir info, root path: /usr/local/nebula, data path size: 1
I20260817 16:44:32.086982   138 SessionManagerProcessor.cpp:155] resp session size: 210
I20260817 16:44:35.550463   138 HBProcessor.cpp:33] Receive heartbeat from "nebula-graphd":9669, role = GRAPH
I20260817 16:44:42.172247   138 HBProcessor.cpp:33] Receive heartbeat from "nebula-storaged0":9779, role = STORAGE
I20260817 16:44:45.560984   138 HBProcessor.cpp:33] Receive heartbeat from "nebula-graphd":9669, role = GRAPH
I20260817 16:44:45.569842   138 SessionManagerProcessor.cpp:155] resp session size: 210
I20260817 16:44:52.202921   138 HBProcessor.cpp:33] Receive heartbeat from "nebula-storaged0":9779, role = STORAGE
I20260817 16:44:52.208635   138 SessionManagerProcessor.cpp:155] resp session size: 210
I20260817 16:44:55.582479   138 HBProcessor.cpp:33] Receive heartbeat from "nebula-graphd":9669, role = GRAPH
I20260817 16:45:02.233840   138 HBProcessor.cpp:33] Receive heartbeat from "nebula-storaged0":9779, role = STORAGE
I20260817 16:45:05.587903   138 HBProcessor.cpp:33] Receive heartbeat from "nebula-graphd":9669, role = GRAPH
I20260817 16:45:12.245841   138 HBProcessor.cpp:33] Receive heartbeat from "nebula-storaged0":9779, role = STORAGE
I20260817 16:45:15.598737   138 HBProcessor.cpp:33] Receive heartbeat from "nebula-graphd":9669, role = GRAPH
I20260817 16:45:22.259210   138 HBProcessor.cpp:33] Receive heartbeat from "nebula-storaged0":9779, role = STORAGE
I20260817 16:45:24.677066     1 MetaDaemon.cpp:230] Signal 15(Terminated) received, stopping this server
I20260817 16:45:24.706984     1 JobManager.cpp:138] JobManager::shutDown() begin
I20260817 16:45:24.713060   110 JobManager.cpp:155] Detect shutdown called, exit
I20260817 16:45:24.714285   110 JobDescription.cpp:113] Loading job description failed, error: E_JOB_NOT_IN_SPACE
I20260817 16:45:24.716002   110 JobManager.cpp:175] Load an invalid job from space 0 jodId 0
I20260817 16:45:24.717272     1 JobManager.cpp:146] JobManager::shutDown() end
I20260817 16:45:24.717778     1 NebulaStore.cpp:343] Stop the raft service...
I20260817 16:45:24.719134     1 RaftexService.cpp:67] Stopping the raftex service on port 9560
I20260817 16:45:24.722839     1 RaftexService.cpp:77] All partitions have stopped
I20260817 16:45:24.723652     1 NebulaStore.cpp:346] Stop kv engine...
I20260817 16:45:24.725061     1 NebulaStore.cpp:343] Stop the raft service...
I20260817 16:45:24.725816     1 RaftexService.cpp:67] Stopping the raftex service on port 9560
I20260817 16:45:24.728142     1 RaftexService.cpp:77] All partitions have stopped
I20260817 16:45:24.729430     1 NebulaStore.cpp:346] Stop kv engine...
I20260817 16:45:24.730412     1 NebulaStore.cpp:36] Cut off the relationship with meta client
I20260817 16:45:24.732326     1 Part.h:59] [Port: 9560, Space: 0, Part: 0] ~Part()
I20260817 16:45:24.748695     1 RocksEngine.h:247] Release rocksdb on /data/meta/nebula/0
I20260817 16:45:24.775247     1 NebulaStore.cpp:44] ~NebulaStore()
I20260817 16:45:24.776621     1 MetaDaemon.cpp:215] The meta Daemon stopped
I20260817 16:45:24.780274     1 JobManager.cpp:138] JobManager::shutDown() begin
I20260817 16:45:24.782618     1 JobManager.cpp:141] JobManager not running, exit
I20260817 16:45:40.978492     1 MetaDaemon.cpp:137] localhost = "nebula-metad0":9559
I20260817 16:45:41.030074     1 NebulaStore.cpp:48] Start the raft service...
I20260817 16:45:41.034411     1 NebulaSnapshotManager.cpp:25] Send snapshot is rate limited to 10485760 for each part by default
I20260817 16:45:41.138121     1 RaftexService.cpp:46] Start raft service on 9560
I20260817 16:45:41.146075     1 NebulaStore.cpp:82] Scan the local path, and init the spaces_
I20260817 16:45:41.149506     1 NebulaStore.cpp:90] Scan path "/data/meta/nebula/0"
I20260817 16:45:41.150571     1 NebulaStore.cpp:292] Init data from partManager for "nebula-metad0":9559
I20260817 16:45:41.157176     1 NebulaStore.cpp:417] Create data space 0
I20260817 16:45:41.508841    75 RocksEngine.cpp:107] open rocksdb on /data/meta/nebula/0/data
I20260817 16:45:49.843928     1 NebulaStore.cpp:480] Space 0, part 0 has been added, asLearner 0
I20260817 16:45:49.844486     1 NebulaStore.cpp:75] Register handler...
I20260817 16:45:49.844926     1 MetaDaemonInit.cpp:106] Waiting for the leader elected...
I20260817 16:45:49.845407     1 MetaDaemonInit.cpp:118] Leader has not been elected, sleep 1s
I20260817 16:45:50.846427     1 MetaDaemonInit.cpp:153] Get meta version is 4
I20260817 16:45:50.847229     1 MetaDaemonInit.cpp:169] Nebula store init succeeded, clusterId 2557737320329270911
I20260817 16:45:50.847765     1 MetaDaemon.cpp:150] Start http service
I20260817 16:45:50.849015     1 MetaDaemonInit.cpp:226] Starting Meta HTTP Service
I20260817 16:45:50.853469   105 WebService.cpp:124] Web service started on HTTP[19559]
I20260817 16:45:50.853977     1 MetaDaemonInit.cpp:192] Check root user
I20260817 16:45:50.854491     1 RootUserMan.h:35] God user exists
I20260817 16:45:50.858543     1 MetaDaemon.cpp:193] The meta daemon start on "nebula-metad0":9559
I20260817 16:45:50.859409     1 JobManager.cpp:64] JobManager initialized
I20260817 16:45:50.859437   111 JobManager.cpp:150] JobManager::scheduleThread enter
I20260817 16:45:52.432237   132 HBProcessor.cpp:33] Receive heartbeat from "nebula-graphd":9669, role = GRAPH
I20260817 16:45:52.433059   132 HBProcessor.cpp:89] Update host "nebula-graphd":9669 dir info, root path: /usr/local/nebula, data path size: 0
I20260817 16:45:52.491026   132 SessionManagerProcessor.cpp:155] resp session size: 210
I20260817 16:45:52.544916   132 SessionManagerProcessor.cpp:155] resp session size: 210
E20260817 16:45:57.953033   132 AddHostsProcessor.cpp:72] The host "nebula-storaged0":9779 have existed!
I20260817 16:45:59.699365   132 HBProcessor.cpp:33] Receive heartbeat from "nebula-storaged0":9779, role = STORAGE
I20260817 16:45:59.699898   132 HBProcessor.cpp:52] Set clusterId for new host "nebula-storaged0":9779!
I20260817 16:45:59.700325   132 HBProcessor.cpp:89] Update host "nebula-storaged0":9779 dir info, root path: /usr/local/nebula, data path size: 1
I20260817 16:45:59.715966   132 SessionManagerProcessor.cpp:155] resp session size: 210
I20260817 16:46:02.622031   132 HBProcessor.cpp:33] Receive heartbeat from "nebula-graphd":9669, role = GRAPH
I20260817 16:46:10.062978   132 HBProcessor.cpp:33] Receive heartbeat from "nebula-storaged0":9779, role = STORAGE
I20260817 16:46:12.634788   132 HBProcessor.cpp:33] Receive heartbeat from "nebula-graphd":9669, role = GRAPH
I20260817 16:46:12.639161   132 SessionManagerProcessor.cpp:155] resp session size: 210
I20260817 16:46:20.074909   132 HBProcessor.cpp:33] Receive heartbeat from "nebula-storaged0":9779, role = STORAGE
I20260817 16:46:20.079276   132 SessionManagerProcessor.cpp:155] resp session size: 210
I20260817 16:46:22.657816   132 HBProcessor.cpp:33] Receive heartbeat from "nebula-graphd":9669, role = GRAPH
I20260817 16:46:30.093907   132 HBProcessor.cpp:33] Receive heartbeat from "nebula-storaged0":9779, role = STORAGE
I20260817 16:46:32.670322   132 HBProcessor.cpp:33] Receive heartbeat from "nebula-graphd":9669, role = GRAPH
I20260817 16:46:40.096557   132 HBProcessor.cpp:33] Receive heartbeat from "nebula-storaged0":9779, role = STORAGE
I20260817 16:46:42.678117   132 HBProcessor.cpp:33] Receive heartbeat from "nebula-graphd":9669, role = GRAPH
I20260817 16:46:50.107146   132 HBProcessor.cpp:33] Receive heartbeat from "nebula-storaged0":9779, role = STORAGE
I20260817 16:46:52.688984   132 HBProcessor.cpp:33] Receive heartbeat from "nebula-graphd":9669, role = GRAPH
I20260817 16:47:00.119431   132 HBProcessor.cpp:33] Receive heartbeat from "nebula-storaged0":9779, role = STORAGE
I20260817 16:47:02.700965   132 HBProcessor.cpp:33] Receive heartbeat from "nebula-graphd":9669, role = GRAPH
I20260817 16:47:10.175400   132 HBProcessor.cpp:33] Receive heartbeat from "nebula-storaged0":9779, role = STORAGE
I20260817 16:47:12.712680   132 HBProcessor.cpp:33] Receive heartbeat from "nebula-graphd":9669, role = GRAPH
I20260817 16:47:20.176786   132 HBProcessor.cpp:33] Receive heartbeat from "nebula-storaged0":9779, role = STORAGE
I20260817 16:47:22.724498   132 HBProcessor.cpp:33] Receive heartbeat from "nebula-graphd":9669, role = GRAPH
I20260817 16:47:30.183931   132 HBProcessor.cpp:33] Receive heartbeat from "nebula-storaged0":9779, role = STORAGE
I20260817 16:47:32.732190   132 HBProcessor.cpp:33] Receive heartbeat from "nebula-graphd":9669, role = GRAPH
I20260817 16:47:40.194931   132 HBProcessor.cpp:33] Receive heartbeat from "nebula-storaged0":9779, role = STORAGE
I20260817 16:47:42.741209   132 HBProcessor.cpp:33] Receive heartbeat from "nebula-graphd":9669, role = GRAPH
I20260817 16:47:50.205268   132 HBProcessor.cpp:33] Receive heartbeat from "nebula-storaged0":9779, role = STORAGE
I20260817 16:47:52.753088   132 HBProcessor.cpp:33] Receive heartbeat from "nebula-graphd":9669, role = GRAPH
I20260817 16:48:00.214444   132 HBProcessor.cpp:33] Receive heartbeat from "nebula-storaged0":9779, role = STORAGE
I20260817 16:48:02.758256   132 HBProcessor.cpp:33] Receive heartbeat from "nebula-graphd":9669, role = GRAPH
I20260817 16:48:10.218467   132 HBProcessor.cpp:33] Receive heartbeat from "nebula-storaged0":9779, role = STORAGE
I20260817 16:48:12.770373   132 HBProcessor.cpp:33] Receive heartbeat from "nebula-graphd":9669, role = GRAPH
I20260817 16:48:20.223178   132 HBProcessor.cpp:33] Receive heartbeat from "nebula-storaged0":9779, role = STORAGE
I20260817 16:48:22.776083   132 HBProcessor.cpp:33] Receive heartbeat from "nebula-graphd":9669, role = GRAPH
I20260817 16:48:30.229347   132 HBProcessor.cpp:33] Receive heartbeat from "nebula-storaged0":9779, role = STORAGE
I20260817 16:48:32.781348   132 HBProcessor.cpp:33] Receive heartbeat from "nebula-graphd":9669, role = GRAPH
I20260817 16:48:40.240568   132 HBProcessor.cpp:33] Receive heartbeat from "nebula-storaged0":9779, role = STORAGE
I20260817 16:48:42.791913   132 HBProcessor.cpp:33] Receive heartbeat from "nebula-graphd":9669, role = GRAPH
I20260817 16:48:48.610795     1 MetaDaemon.cpp:230] Signal 15(Terminated) received, stopping this server
I20260817 16:48:48.666103     1 JobManager.cpp:138] JobManager::shutDown() begin
I20260817 16:48:48.685634   111 JobManager.cpp:155] Detect shutdown called, exit
I20260817 16:48:48.687340   111 JobDescription.cpp:113] Loading job description failed, error: E_JOB_NOT_IN_SPACE
I20260817 16:48:48.688246   111 JobManager.cpp:175] Load an invalid job from space 0 jodId 0
I20260817 16:48:48.692708     1 JobManager.cpp:146] JobManager::shutDown() end
I20260817 16:48:48.694535     1 NebulaStore.cpp:343] Stop the raft service...
I20260817 16:48:48.695122     1 RaftexService.cpp:67] Stopping the raftex service on port 9560
I20260817 16:48:48.695761     1 RaftexService.cpp:77] All partitions have stopped
I20260817 16:48:48.696972     1 NebulaStore.cpp:346] Stop kv engine...
I20260817 16:48:48.699106     1 NebulaStore.cpp:343] Stop the raft service...
I20260817 16:48:48.700106     1 RaftexService.cpp:67] Stopping the raftex service on port 9560
I20260817 16:48:48.701972     1 RaftexService.cpp:77] All partitions have stopped
I20260817 16:48:48.702927     1 NebulaStore.cpp:346] Stop kv engine...
I20260817 16:48:48.703642     1 NebulaStore.cpp:36] Cut off the relationship with meta client
I20260817 16:48:48.706899     1 Part.h:59] [Port: 9560, Space: 0, Part: 0] ~Part()
I20260817 16:48:48.713783     1 RocksEngine.h:247] Release rocksdb on /data/meta/nebula/0
I20260817 16:48:48.735715     1 NebulaStore.cpp:44] ~NebulaStore()
I20260817 16:48:48.748332     1 MetaDaemon.cpp:215] The meta Daemon stopped
I20260817 16:48:48.757792     1 JobManager.cpp:138] JobManager::shutDown() begin
I20260817 16:48:48.762991     1 JobManager.cpp:141] JobManager not running, exit
I20260817 16:49:04.655019     1 MetaDaemon.cpp:137] localhost = "nebula-metad0":9559
I20260817 16:49:04.686931     1 NebulaStore.cpp:48] Start the raft service...
I20260817 16:49:04.693620     1 NebulaSnapshotManager.cpp:25] Send snapshot is rate limited to 10485760 for each part by default
I20260817 16:49:04.800241     1 RaftexService.cpp:46] Start raft service on 9560
I20260817 16:49:04.803851     1 NebulaStore.cpp:82] Scan the local path, and init the spaces_
I20260817 16:49:04.808744     1 NebulaStore.cpp:90] Scan path "/data/meta/nebula/0"
I20260817 16:49:04.813100     1 NebulaStore.cpp:292] Init data from partManager for "nebula-metad0":9559
I20260817 16:49:04.814507     1 NebulaStore.cpp:417] Create data space 0
I20260817 16:49:05.048309    75 EventListener.h:21] Rocksdb start compaction column family: default because of LevelL0FilesNum, status: OK, compacted 5 files into 0, base level is 0, output level is 1
I20260817 16:49:05.052484    74 RocksEngine.cpp:107] open rocksdb on /data/meta/nebula/0/data
I20260817 16:49:05.077829    75 EventListener.h:35] Rocksdb compaction completed column family: default because of LevelL0FilesNum, status: OK, compacted 5 files into 1, base level is 0, output level is 1
I20260817 16:49:13.865232     1 NebulaStore.cpp:480] Space 0, part 0 has been added, asLearner 0
I20260817 16:49:13.865717     1 NebulaStore.cpp:75] Register handler...
I20260817 16:49:13.866099     1 MetaDaemonInit.cpp:106] Waiting for the leader elected...
I20260817 16:49:13.866545     1 MetaDaemonInit.cpp:118] Leader has not been elected, sleep 1s
I20260817 16:49:14.867578     1 MetaDaemonInit.cpp:153] Get meta version is 4
I20260817 16:49:14.868397     1 MetaDaemonInit.cpp:169] Nebula store init succeeded, clusterId 2557737320329270911
I20260817 16:49:14.868914     1 MetaDaemon.cpp:150] Start http service
I20260817 16:49:14.870121     1 MetaDaemonInit.cpp:226] Starting Meta HTTP Service
I20260817 16:49:14.874840   111 WebService.cpp:124] Web service started on HTTP[19559]
I20260817 16:49:14.875416     1 MetaDaemonInit.cpp:192] Check root user
I20260817 16:49:14.876212     1 RootUserMan.h:35] God user exists
I20260817 16:49:14.880314     1 MetaDaemon.cpp:193] The meta daemon start on "nebula-metad0":9559
I20260817 16:49:14.881278     1 JobManager.cpp:64] JobManager initialized
I20260817 16:49:14.881336   117 JobManager.cpp:150] JobManager::scheduleThread enter
I20260817 16:49:16.599133   139 HBProcessor.cpp:33] Receive heartbeat from "nebula-graphd":9669, role = GRAPH
I20260817 16:49:16.599905   139 HBProcessor.cpp:89] Update host "nebula-graphd":9669 dir info, root path: /usr/local/nebula, data path size: 0
I20260817 16:49:16.658663   139 SessionManagerProcessor.cpp:155] resp session size: 210
I20260817 16:49:16.702663   139 SessionManagerProcessor.cpp:155] resp session size: 210
E20260817 16:49:22.021992   139 AddHostsProcessor.cpp:72] The host "nebula-storaged0":9779 have existed!
I20260817 16:49:23.570894   139 HBProcessor.cpp:33] Receive heartbeat from "nebula-storaged0":9779, role = STORAGE
I20260817 16:49:23.571445   139 HBProcessor.cpp:52] Set clusterId for new host "nebula-storaged0":9779!
I20260817 16:49:23.571914   139 HBProcessor.cpp:89] Update host "nebula-storaged0":9779 dir info, root path: /usr/local/nebula, data path size: 1
I20260817 16:49:23.586757   139 SessionManagerProcessor.cpp:155] resp session size: 210
I20260817 16:49:26.717288   139 HBProcessor.cpp:33] Receive heartbeat from "nebula-graphd":9669, role = GRAPH
I20260817 16:49:34.414961   139 HBProcessor.cpp:33] Receive heartbeat from "nebula-storaged0":9779, role = STORAGE
I20260817 16:49:36.726336   139 HBProcessor.cpp:33] Receive heartbeat from "nebula-graphd":9669, role = GRAPH
I20260817 16:49:36.730667   139 SessionManagerProcessor.cpp:155] resp session size: 210
I20260817 16:49:44.426473   139 HBProcessor.cpp:33] Receive heartbeat from "nebula-storaged0":9779, role = STORAGE
I20260817 16:49:44.430621   139 SessionManagerProcessor.cpp:155] resp session size: 210
I20260817 16:49:46.746536   139 HBProcessor.cpp:33] Receive heartbeat from "nebula-graphd":9669, role = GRAPH
I20260817 16:49:54.448964   139 HBProcessor.cpp:33] Receive heartbeat from "nebula-storaged0":9779, role = STORAGE
I20260817 16:49:56.752475   139 HBProcessor.cpp:33] Receive heartbeat from "nebula-graphd":9669, role = GRAPH
I20260817 16:50:04.461292   139 HBProcessor.cpp:33] Receive heartbeat from "nebula-storaged0":9779, role = STORAGE
I20260817 16:50:06.765765   139 HBProcessor.cpp:33] Receive heartbeat from "nebula-graphd":9669, role = GRAPH
I20260817 16:50:14.472173   139 HBProcessor.cpp:33] Receive heartbeat from "nebula-storaged0":9779, role = STORAGE
I20260817 16:50:16.775444   139 HBProcessor.cpp:33] Receive heartbeat from "nebula-graphd":9669, role = GRAPH
I20260817 16:50:24.940811     1 MetaDaemon.cpp:230] Signal 15(Terminated) received, stopping this server
I20260817 16:50:24.981891     1 JobManager.cpp:138] JobManager::shutDown() begin
I20260817 16:50:24.997442   117 JobManager.cpp:155] Detect shutdown called, exit
I20260817 16:50:25.004570   117 JobDescription.cpp:113] Loading job description failed, error: E_JOB_NOT_IN_SPACE
I20260817 16:50:25.026791   117 JobManager.cpp:175] Load an invalid job from space 0 jodId 0
I20260817 16:50:25.046455     1 JobManager.cpp:146] JobManager::shutDown() end
I20260817 16:50:25.059168     1 NebulaStore.cpp:343] Stop the raft service...
I20260817 16:50:25.088013     1 RaftexService.cpp:67] Stopping the raftex service on port 9560
I20260817 16:50:25.117027     1 RaftexService.cpp:77] All partitions have stopped
I20260817 16:50:25.150609     1 NebulaStore.cpp:346] Stop kv engine...
I20260817 16:50:25.194664     1 NebulaStore.cpp:343] Stop the raft service...
I20260817 16:50:25.243667     1 RaftexService.cpp:67] Stopping the raftex service on port 9560
I20260817 16:50:25.261240     1 RaftexService.cpp:77] All partitions have stopped
I20260817 16:50:25.283696     1 NebulaStore.cpp:346] Stop kv engine...
I20260817 16:50:25.291123     1 NebulaStore.cpp:36] Cut off the relationship with meta client
I20260817 16:50:25.303931     1 Part.h:59] [Port: 9560, Space: 0, Part: 0] ~Part()
I20260817 16:50:25.341913     1 RocksEngine.h:247] Release rocksdb on /data/meta/nebula/0
I20260817 16:50:25.440693     1 NebulaStore.cpp:44] ~NebulaStore()
I20260817 16:50:25.445431     1 MetaDaemon.cpp:215] The meta Daemon stopped
I20260817 16:50:25.450565     1 JobManager.cpp:138] JobManager::shutDown() begin
I20260817 16:50:25.468586     1 JobManager.cpp:141] JobManager not running, exit
I20260817 16:50:40.751255     1 MetaDaemon.cpp:137] localhost = "nebula-metad0":9559
I20260817 16:50:40.773154     1 NebulaStore.cpp:48] Start the raft service...
I20260817 16:50:40.782302     1 NebulaSnapshotManager.cpp:25] Send snapshot is rate limited to 10485760 for each part by default
I20260817 16:50:40.909646     1 RaftexService.cpp:46] Start raft service on 9560
I20260817 16:50:40.921020     1 NebulaStore.cpp:82] Scan the local path, and init the spaces_
I20260817 16:50:40.931087     1 NebulaStore.cpp:90] Scan path "/data/meta/nebula/0"
I20260817 16:50:40.931821     1 NebulaStore.cpp:292] Init data from partManager for "nebula-metad0":9559
I20260817 16:50:40.932648     1 NebulaStore.cpp:417] Create data space 0
I20260817 16:50:41.310504    74 RocksEngine.cpp:107] open rocksdb on /data/meta/nebula/0/data
I20260817 16:50:52.194201     1 NebulaStore.cpp:480] Space 0, part 0 has been added, asLearner 0
I20260817 16:50:52.198845     1 NebulaStore.cpp:75] Register handler...
I20260817 16:50:52.201673     1 MetaDaemonInit.cpp:106] Waiting for the leader elected...
I20260817 16:50:52.204579     1 MetaDaemonInit.cpp:118] Leader has not been elected, sleep 1s
I20260817 16:50:53.207130     1 MetaDaemonInit.cpp:153] Get meta version is 4
I20260817 16:50:53.208138     1 MetaDaemonInit.cpp:169] Nebula store init succeeded, clusterId 2557737320329270911
I20260817 16:50:53.208737     1 MetaDaemon.cpp:150] Start http service
I20260817 16:50:53.210074     1 MetaDaemonInit.cpp:226] Starting Meta HTTP Service
I20260817 16:50:53.216480   111 WebService.cpp:124] Web service started on HTTP[19559]
I20260817 16:50:53.217271     1 MetaDaemonInit.cpp:192] Check root user
I20260817 16:50:53.218380     1 RootUserMan.h:35] God user exists
I20260817 16:50:53.222880     1 MetaDaemon.cpp:193] The meta daemon start on "nebula-metad0":9559
I20260817 16:50:53.224108     1 JobManager.cpp:64] JobManager initialized
I20260817 16:50:53.224159   117 JobManager.cpp:150] JobManager::scheduleThread enter
I20260817 16:50:58.215376   139 HBProcessor.cpp:33] Receive heartbeat from "nebula-storaged0":9779, role = STORAGE
I20260817 16:50:58.219489   139 HBProcessor.cpp:52] Set clusterId for new host "nebula-storaged0":9779!
I20260817 16:50:58.226636   139 HBProcessor.cpp:89] Update host "nebula-storaged0":9779 dir info, root path: /usr/local/nebula, data path size: 1
I20260817 16:50:58.308600   139 SessionManagerProcessor.cpp:155] resp session size: 210
I20260817 16:51:01.489233   139 HBProcessor.cpp:33] Receive heartbeat from "nebula-graphd":9669, role = GRAPH
I20260817 16:51:01.489789   139 HBProcessor.cpp:89] Update host "nebula-graphd":9669 dir info, root path: /usr/local/nebula, data path size: 0
I20260817 16:51:01.538820   139 SessionManagerProcessor.cpp:155] resp session size: 210
I20260817 16:51:01.572073   139 SessionManagerProcessor.cpp:155] resp session size: 210
E20260817 16:51:02.290443   139 AddHostsProcessor.cpp:72] The host "nebula-storaged0":9779 have existed!
I20260817 16:51:09.237164   139 HBProcessor.cpp:33] Receive heartbeat from "nebula-storaged0":9779, role = STORAGE
I20260817 16:51:11.992130   139 HBProcessor.cpp:33] Receive heartbeat from "nebula-graphd":9669, role = GRAPH
I20260817 16:51:11.996531   139 SessionManagerProcessor.cpp:155] resp session size: 223
I20260817 16:51:19.249166   139 HBProcessor.cpp:33] Receive heartbeat from "nebula-storaged0":9779, role = STORAGE
I20260817 16:51:19.253094   139 SessionManagerProcessor.cpp:155] resp session size: 223
I20260817 16:51:22.015367   139 HBProcessor.cpp:33] Receive heartbeat from "nebula-graphd":9669, role = GRAPH
I20260817 16:51:29.273357   139 HBProcessor.cpp:33] Receive heartbeat from "nebula-storaged0":9779, role = STORAGE
I20260817 16:51:32.027395   139 HBProcessor.cpp:33] Receive heartbeat from "nebula-graphd":9669, role = GRAPH
I20260817 16:51:39.280966   139 HBProcessor.cpp:33] Receive heartbeat from "nebula-storaged0":9779, role = STORAGE
I20260817 16:51:42.034212   139 HBProcessor.cpp:33] Receive heartbeat from "nebula-graphd":9669, role = GRAPH
I20260817 16:51:49.304983   139 HBProcessor.cpp:33] Receive heartbeat from "nebula-storaged0":9779, role = STORAGE
I20260817 16:51:52.042193   139 HBProcessor.cpp:33] Receive heartbeat from "nebula-graphd":9669, role = GRAPH
I20260817 16:51:59.316210   139 HBProcessor.cpp:33] Receive heartbeat from "nebula-storaged0":9779, role = STORAGE
I20260817 16:52:02.054538   139 HBProcessor.cpp:33] Receive heartbeat from "nebula-graphd":9669, role = GRAPH
I20260817 16:52:09.328920   139 HBProcessor.cpp:33] Receive heartbeat from "nebula-storaged0":9779, role = STORAGE
I20260817 16:52:12.066013   139 HBProcessor.cpp:33] Receive heartbeat from "nebula-graphd":9669, role = GRAPH
I20260817 16:52:19.340529   139 HBProcessor.cpp:33] Receive heartbeat from "nebula-storaged0":9779, role = STORAGE
I20260817 16:52:22.077806   139 HBProcessor.cpp:33] Receive heartbeat from "nebula-graphd":9669, role = GRAPH
I20260817 16:52:29.343497   139 HBProcessor.cpp:33] Receive heartbeat from "nebula-storaged0":9779, role = STORAGE
I20260817 16:52:32.089950   139 HBProcessor.cpp:33] Receive heartbeat from "nebula-graphd":9669, role = GRAPH
I20260817 16:52:39.355681   139 HBProcessor.cpp:33] Receive heartbeat from "nebula-storaged0":9779, role = STORAGE
I20260817 16:52:42.100479   139 HBProcessor.cpp:33] Receive heartbeat from "nebula-graphd":9669, role = GRAPH
I20260817 16:52:49.366652   139 HBProcessor.cpp:33] Receive heartbeat from "nebula-storaged0":9779, role = STORAGE
I20260817 16:52:52.111408   139 HBProcessor.cpp:33] Receive heartbeat from "nebula-graphd":9669, role = GRAPH
I20260817 16:52:59.379431   139 HBProcessor.cpp:33] Receive heartbeat from "nebula-storaged0":9779, role = STORAGE
I20260817 16:53:02.123332   139 HBProcessor.cpp:33] Receive heartbeat from "nebula-graphd":9669, role = GRAPH
I20260817 16:53:09.391747   139 HBProcessor.cpp:33] Receive heartbeat from "nebula-storaged0":9779, role = STORAGE
I20260817 16:53:12.134061   139 HBProcessor.cpp:33] Receive heartbeat from "nebula-graphd":9669, role = GRAPH
I20260817 16:53:19.400456   139 HBProcessor.cpp:33] Receive heartbeat from "nebula-storaged0":9779, role = STORAGE
I20260817 16:53:22.146234   139 HBProcessor.cpp:33] Receive heartbeat from "nebula-graphd":9669, role = GRAPH
I20260817 16:53:29.410629   139 HBProcessor.cpp:33] Receive heartbeat from "nebula-storaged0":9779, role = STORAGE
I20260817 16:53:32.151121   139 HBProcessor.cpp:33] Receive heartbeat from "nebula-graphd":9669, role = GRAPH
I20260817 16:53:39.422472   139 HBProcessor.cpp:33] Receive heartbeat from "nebula-storaged0":9779, role = STORAGE
I20260817 16:53:42.161051   139 HBProcessor.cpp:33] Receive heartbeat from "nebula-graphd":9669, role = GRAPH
I20260817 16:53:49.428929   139 HBProcessor.cpp:33] Receive heartbeat from "nebula-storaged0":9779, role = STORAGE
I20260817 16:53:52.173012   139 HBProcessor.cpp:33] Receive heartbeat from "nebula-graphd":9669, role = GRAPH
I20260817 16:53:59.445487   139 HBProcessor.cpp:33] Receive heartbeat from "nebula-storaged0":9779, role = STORAGE
I20260817 16:54:02.184691   139 HBProcessor.cpp:33] Receive heartbeat from "nebula-graphd":9669, role = GRAPH
I20260817 16:54:09.468835   139 HBProcessor.cpp:33] Receive heartbeat from "nebula-storaged0":9779, role = STORAGE
I20260817 16:54:12.195286   139 HBProcessor.cpp:33] Receive heartbeat from "nebula-graphd":9669, role = GRAPH
I20260817 16:54:19.479336   139 HBProcessor.cpp:33] Receive heartbeat from "nebula-storaged0":9779, role = STORAGE
I20260817 16:54:22.207211   139 HBProcessor.cpp:33] Receive heartbeat from "nebula-graphd":9669, role = GRAPH
I20260817 16:54:29.491528   139 HBProcessor.cpp:33] Receive heartbeat from "nebula-storaged0":9779, role = STORAGE
I20260817 16:54:32.218890   139 HBProcessor.cpp:33] Receive heartbeat from "nebula-graphd":9669, role = GRAPH
I20260817 16:54:39.503677   139 HBProcessor.cpp:33] Receive heartbeat from "nebula-storaged0":9779, role = STORAGE
I20260817 16:54:42.230049   139 HBProcessor.cpp:33] Receive heartbeat from "nebula-graphd":9669, role = GRAPH
I20260817 16:54:49.514676   139 HBProcessor.cpp:33] Receive heartbeat from "nebula-storaged0":9779, role = STORAGE
I20260817 16:54:52.231984   139 HBProcessor.cpp:33] Receive heartbeat from "nebula-graphd":9669, role = GRAPH
I20260817 16:54:59.527769   139 HBProcessor.cpp:33] Receive heartbeat from "nebula-storaged0":9779, role = STORAGE
I20260817 16:55:02.242982   139 HBProcessor.cpp:33] Receive heartbeat from "nebula-graphd":9669, role = GRAPH
I20260817 16:55:09.534476   139 HBProcessor.cpp:33] Receive heartbeat from "nebula-storaged0":9779, role = STORAGE
I20260817 16:55:12.253763   139 HBProcessor.cpp:33] Receive heartbeat from "nebula-graphd":9669, role = GRAPH
I20260817 16:55:19.550949   139 HBProcessor.cpp:33] Receive heartbeat from "nebula-storaged0":9779, role = STORAGE
I20260817 16:55:22.265719   139 HBProcessor.cpp:33] Receive heartbeat from "nebula-graphd":9669, role = GRAPH
I20260817 16:55:29.563611   139 HBProcessor.cpp:33] Receive heartbeat from "nebula-storaged0":9779, role = STORAGE
I20260817 16:55:32.277848   139 HBProcessor.cpp:33] Receive heartbeat from "nebula-graphd":9669, role = GRAPH
I20260817 16:55:39.575799   139 HBProcessor.cpp:33] Receive heartbeat from "nebula-storaged0":9779, role = STORAGE
I20260817 16:55:42.287796   139 HBProcessor.cpp:33] Receive heartbeat from "nebula-graphd":9669, role = GRAPH
I20260817 16:55:49.586097   139 HBProcessor.cpp:33] Receive heartbeat from "nebula-storaged0":9779, role = STORAGE
I20260817 16:55:52.299620   139 HBProcessor.cpp:33] Receive heartbeat from "nebula-graphd":9669, role = GRAPH
I20260817 16:55:59.597987   139 HBProcessor.cpp:33] Receive heartbeat from "nebula-storaged0":9779, role = STORAGE
I20260817 16:56:02.313735   139 HBProcessor.cpp:33] Receive heartbeat from "nebula-graphd":9669, role = GRAPH
I20260817 16:56:09.610620   139 HBProcessor.cpp:33] Receive heartbeat from "nebula-storaged0":9779, role = STORAGE
I20260817 16:56:12.327498   139 HBProcessor.cpp:33] Receive heartbeat from "nebula-graphd":9669, role = GRAPH
I20260817 16:56:19.625725   139 HBProcessor.cpp:33] Receive heartbeat from "nebula-storaged0":9779, role = STORAGE
I20260817 16:56:22.339457   139 HBProcessor.cpp:33] Receive heartbeat from "nebula-graphd":9669, role = GRAPH
I20260817 16:56:29.649820   139 HBProcessor.cpp:33] Receive heartbeat from "nebula-storaged0":9779, role = STORAGE
I20260817 16:56:32.351620   139 HBProcessor.cpp:33] Receive heartbeat from "nebula-graphd":9669, role = GRAPH
I20260817 16:56:39.661960   139 HBProcessor.cpp:33] Receive heartbeat from "nebula-storaged0":9779, role = STORAGE
I20260817 16:56:42.362236   139 HBProcessor.cpp:33] Receive heartbeat from "nebula-graphd":9669, role = GRAPH
I20260817 16:56:49.672924   139 HBProcessor.cpp:33] Receive heartbeat from "nebula-storaged0":9779, role = STORAGE
I20260817 16:56:52.366052   139 HBProcessor.cpp:33] Receive heartbeat from "nebula-graphd":9669, role = GRAPH
I20260817 16:56:59.686378   139 HBProcessor.cpp:33] Receive heartbeat from "nebula-storaged0":9779, role = STORAGE
I20260817 16:57:02.378501   139 HBProcessor.cpp:33] Receive heartbeat from "nebula-graphd":9669, role = GRAPH
I20260817 16:57:09.696458   139 HBProcessor.cpp:33] Receive heartbeat from "nebula-storaged0":9779, role = STORAGE
I20260817 16:57:12.389758   139 HBProcessor.cpp:33] Receive heartbeat from "nebula-graphd":9669, role = GRAPH
I20260817 16:57:19.707152   139 HBProcessor.cpp:33] Receive heartbeat from "nebula-storaged0":9779, role = STORAGE
I20260817 16:57:22.398562   139 HBProcessor.cpp:33] Receive heartbeat from "nebula-graphd":9669, role = GRAPH
I20260817 16:57:29.719758   139 HBProcessor.cpp:33] Receive heartbeat from "nebula-storaged0":9779, role = STORAGE
I20260817 16:57:32.409210   139 HBProcessor.cpp:33] Receive heartbeat from "nebula-graphd":9669, role = GRAPH
I20260817 16:57:39.732362   139 HBProcessor.cpp:33] Receive heartbeat from "nebula-storaged0":9779, role = STORAGE
I20260817 16:57:42.413643   139 HBProcessor.cpp:33] Receive heartbeat from "nebula-graphd":9669, role = GRAPH
I20260817 16:57:49.744645   139 HBProcessor.cpp:33] Receive heartbeat from "nebula-storaged0":9779, role = STORAGE
I20260817 16:57:52.425441   139 HBProcessor.cpp:33] Receive heartbeat from "nebula-graphd":9669, role = GRAPH
I20260817 16:57:59.765899   139 HBProcessor.cpp:33] Receive heartbeat from "nebula-storaged0":9779, role = STORAGE
I20260817 16:58:02.437302   139 HBProcessor.cpp:33] Receive heartbeat from "nebula-graphd":9669, role = GRAPH
I20260817 16:58:09.772025   139 HBProcessor.cpp:33] Receive heartbeat from "nebula-storaged0":9779, role = STORAGE
I20260817 16:58:12.447964   139 HBProcessor.cpp:33] Receive heartbeat from "nebula-graphd":9669, role = GRAPH
I20260817 16:58:19.773036   139 HBProcessor.cpp:33] Receive heartbeat from "nebula-storaged0":9779, role = STORAGE
I20260817 16:58:22.459880   139 HBProcessor.cpp:33] Receive heartbeat from "nebula-graphd":9669, role = GRAPH
I20260817 16:58:29.786134   139 HBProcessor.cpp:33] Receive heartbeat from "nebula-storaged0":9779, role = STORAGE
I20260817 16:58:32.471724   139 HBProcessor.cpp:33] Receive heartbeat from "nebula-graphd":9669, role = GRAPH
I20260817 16:58:39.799643   139 HBProcessor.cpp:33] Receive heartbeat from "nebula-storaged0":9779, role = STORAGE
I20260817 16:58:42.482347   139 HBProcessor.cpp:33] Receive heartbeat from "nebula-graphd":9669, role = GRAPH
I20260817 16:58:49.806896   139 HBProcessor.cpp:33] Receive heartbeat from "nebula-storaged0":9779, role = STORAGE
I20260817 16:58:52.494880   139 HBProcessor.cpp:33] Receive heartbeat from "nebula-graphd":9669, role = GRAPH
I20260817 16:58:59.819798   139 HBProcessor.cpp:33] Receive heartbeat from "nebula-storaged0":9779, role = STORAGE
I20260817 16:59:02.507736   139 HBProcessor.cpp:33] Receive heartbeat from "nebula-graphd":9669, role = GRAPH
I20260817 16:59:09.831959   139 HBProcessor.cpp:33] Receive heartbeat from "nebula-storaged0":9779, role = STORAGE
I20260817 16:59:12.519078   139 HBProcessor.cpp:33] Receive heartbeat from "nebula-graphd":9669, role = GRAPH
I20260817 16:59:19.836710   139 HBProcessor.cpp:33] Receive heartbeat from "nebula-storaged0":9779, role = STORAGE
I20260817 16:59:22.531149   139 HBProcessor.cpp:33] Receive heartbeat from "nebula-graphd":9669, role = GRAPH
I20260817 16:59:29.850238   139 HBProcessor.cpp:33] Receive heartbeat from "nebula-storaged0":9779, role = STORAGE
I20260817 16:59:32.540865   139 HBProcessor.cpp:33] Receive heartbeat from "nebula-graphd":9669, role = GRAPH
I20260817 16:59:39.862160   139 HBProcessor.cpp:33] Receive heartbeat from "nebula-storaged0":9779, role = STORAGE
I20260817 16:59:42.542887   139 HBProcessor.cpp:33] Receive heartbeat from "nebula-graphd":9669, role = GRAPH
I20260817 16:59:49.873252   139 HBProcessor.cpp:33] Receive heartbeat from "nebula-storaged0":9779, role = STORAGE
I20260817 16:59:52.554966   139 HBProcessor.cpp:33] Receive heartbeat from "nebula-graphd":9669, role = GRAPH
I20260817 16:59:59.881543   139 HBProcessor.cpp:33] Receive heartbeat from "nebula-storaged0":9779, role = STORAGE
I20260817 17:00:02.567332   139 HBProcessor.cpp:33] Receive heartbeat from "nebula-graphd":9669, role = GRAPH
I20260817 17:00:09.892918   139 HBProcessor.cpp:33] Receive heartbeat from "nebula-storaged0":9779, role = STORAGE
I20260817 17:00:12.578414   139 HBProcessor.cpp:33] Receive heartbeat from "nebula-graphd":9669, role = GRAPH
I20260817 17:00:19.904579   139 HBProcessor.cpp:33] Receive heartbeat from "nebula-storaged0":9779, role = STORAGE
I20260817 17:00:22.590165   139 HBProcessor.cpp:33] Receive heartbeat from "nebula-graphd":9669, role = GRAPH
I20260817 17:00:29.912050   139 HBProcessor.cpp:33] Receive heartbeat from "nebula-storaged0":9779, role = STORAGE
I20260817 17:00:32.602028   139 HBProcessor.cpp:33] Receive heartbeat from "nebula-graphd":9669, role = GRAPH
I20260817 17:00:39.924026   139 HBProcessor.cpp:33] Receive heartbeat from "nebula-storaged0":9779, role = STORAGE
I20260817 17:00:42.613122   139 HBProcessor.cpp:33] Receive heartbeat from "nebula-graphd":9669, role = GRAPH
I20260817 17:00:49.935549   139 HBProcessor.cpp:33] Receive heartbeat from "nebula-storaged0":9779, role = STORAGE
I20260817 17:00:52.622983   139 HBProcessor.cpp:33] Receive heartbeat from "nebula-graphd":9669, role = GRAPH
I20260817 17:00:59.944749   139 HBProcessor.cpp:33] Receive heartbeat from "nebula-storaged0":9779, role = STORAGE
I20260817 17:01:02.635444   139 HBProcessor.cpp:33] Receive heartbeat from "nebula-graphd":9669, role = GRAPH
I20260817 17:01:09.956807   139 HBProcessor.cpp:33] Receive heartbeat from "nebula-storaged0":9779, role = STORAGE
I20260817 17:01:12.646114   139 HBProcessor.cpp:33] Receive heartbeat from "nebula-graphd":9669, role = GRAPH
I20260817 17:01:19.960144   139 HBProcessor.cpp:33] Receive heartbeat from "nebula-storaged0":9779, role = STORAGE
I20260817 17:01:22.658052   139 HBProcessor.cpp:33] Receive heartbeat from "nebula-graphd":9669, role = GRAPH
I20260817 17:01:29.973268   139 HBProcessor.cpp:33] Receive heartbeat from "nebula-storaged0":9779, role = STORAGE
I20260817 17:01:32.664330   139 HBProcessor.cpp:33] Receive heartbeat from "nebula-graphd":9669, role = GRAPH
I20260817 17:01:39.983351   139 HBProcessor.cpp:33] Receive heartbeat from "nebula-storaged0":9779, role = STORAGE
I20260817 17:01:42.668184   139 HBProcessor.cpp:33] Receive heartbeat from "nebula-graphd":9669, role = GRAPH
I20260817 17:01:49.989984   139 HBProcessor.cpp:33] Receive heartbeat from "nebula-storaged0":9779, role = STORAGE
I20260817 17:01:52.681372   139 HBProcessor.cpp:33] Receive heartbeat from "nebula-graphd":9669, role = GRAPH
I20260817 17:02:00.015655   139 HBProcessor.cpp:33] Receive heartbeat from "nebula-storaged0":9779, role = STORAGE
I20260817 17:02:02.693555   139 HBProcessor.cpp:33] Receive heartbeat from "nebula-graphd":9669, role = GRAPH
I20260817 17:02:10.029160   139 HBProcessor.cpp:33] Receive heartbeat from "nebula-storaged0":9779, role = STORAGE
I20260817 17:02:12.699877   139 HBProcessor.cpp:33] Receive heartbeat from "nebula-graphd":9669, role = GRAPH
I20260817 17:02:20.040056   139 HBProcessor.cpp:33] Receive heartbeat from "nebula-storaged0":9779, role = STORAGE
I20260817 17:02:22.708222   139 HBProcessor.cpp:33] Receive heartbeat from "nebula-graphd":9669, role = GRAPH
I20260817 17:02:30.052084   139 HBProcessor.cpp:33] Receive heartbeat from "nebula-storaged0":9779, role = STORAGE
I20260817 17:02:32.719950   139 HBProcessor.cpp:33] Receive heartbeat from "nebula-graphd":9669, role = GRAPH
I20260817 17:02:40.064335   139 HBProcessor.cpp:33] Receive heartbeat from "nebula-storaged0":9779, role = STORAGE
I20260817 17:02:42.726033   139 HBProcessor.cpp:33] Receive heartbeat from "nebula-graphd":9669, role = GRAPH
I20260817 17:02:50.068348   139 HBProcessor.cpp:33] Receive heartbeat from "nebula-storaged0":9779, role = STORAGE
I20260817 17:02:52.738210   139 HBProcessor.cpp:33] Receive heartbeat from "nebula-graphd":9669, role = GRAPH
I20260817 17:02:54.875263     1 MetaDaemon.cpp:230] Signal 15(Terminated) received, stopping this server
I20260817 17:02:54.990413     1 JobManager.cpp:138] JobManager::shutDown() begin
I20260817 17:02:55.019598   117 JobManager.cpp:155] Detect shutdown called, exit
I20260817 17:02:55.026237   117 JobDescription.cpp:113] Loading job description failed, error: E_JOB_NOT_IN_SPACE
I20260817 17:02:55.030509   117 JobManager.cpp:175] Load an invalid job from space 0 jodId 0
I20260817 17:02:55.031406     1 JobManager.cpp:146] JobManager::shutDown() end
I20260817 17:02:55.033133     1 NebulaStore.cpp:343] Stop the raft service...
I20260817 17:02:55.035399     1 RaftexService.cpp:67] Stopping the raftex service on port 9560
I20260817 17:02:55.040108     1 RaftexService.cpp:77] All partitions have stopped
I20260817 17:02:55.041028     1 NebulaStore.cpp:346] Stop kv engine...
I20260817 17:02:55.059657     1 NebulaStore.cpp:343] Stop the raft service...
I20260817 17:02:55.061760     1 RaftexService.cpp:67] Stopping the raftex service on port 9560
I20260817 17:02:55.064993     1 RaftexService.cpp:77] All partitions have stopped
I20260817 17:02:55.065559     1 NebulaStore.cpp:346] Stop kv engine...
I20260817 17:02:55.065994     1 NebulaStore.cpp:36] Cut off the relationship with meta client
I20260817 17:02:55.068487     1 Part.h:59] [Port: 9560, Space: 0, Part: 0] ~Part()
I20260817 17:02:55.082633     1 RocksEngine.h:247] Release rocksdb on /data/meta/nebula/0
I20260817 17:02:55.189313     1 NebulaStore.cpp:44] ~NebulaStore()
I20260817 17:02:55.243736     1 MetaDaemon.cpp:215] The meta Daemon stopped
I20260817 17:02:55.308046     1 JobManager.cpp:138] JobManager::shutDown() begin
I20260817 17:02:55.335911     1 JobManager.cpp:141] JobManager not running, exit
